biosample	DHS	ATAC	H3K27ac	default_accessibility_feature	HiC_dir	HiC_type	HiC_resolution	HiC_gamma	HiC_scale	alt_TSS	alt_genes
Ma2020_BMMC_SingleDonor_macrophage		/oak/stanford/projects/igvf/Y2AVE/E2G_Predictions/inputs/Ma2020_BMMC_SingleDonor_macrophage/tagAlign_Ma2020_BMMC_SingleDonor_macrophage.tsv.gz		ATAC	/oak/stanford/groups/engreitz/Projects/ABC/HiC/avg_track2	avg	5000	1.024238616787792	5.9594510043736655		
mcginnis_dataset7_human_cluster5		/oak/stanford/projects/igvf/Y2AVE/E2G_Predictions/inputs/mcginnis_dataset7_human_cluster5/CharacterizationMcGinnis_dataset7_human_cluster5.atac.filter.cutsites.hg38.tagAlign.gz		ATAC	/oak/stanford/groups/engreitz/Projects/ABC/HiC/avg_track2	avg	5000	1.024238616787792	5.9594510043736655		
mcginnis_dataset6_cluster23		/oak/stanford/projects/igvf/Y2AVE/E2G_Predictions/inputs/mcginnis_dataset6_cluster23/CharacterizationMcGinnis_Dataset6_cluster23.atac.filter.cutsites.hg38.tagAlign.gz		ATAC	/oak/stanford/groups/engreitz/Projects/ABC/HiC/avg_track2	avg	5000	1.024238616787792	5.9594510043736655		
mcginnis_dataset5_cluster10		/oak/stanford/projects/igvf/Y2AVE/E2G_Predictions/inputs/mcginnis_dataset5_cluster10/CharacterizationMcGinnis_Dataset5_cluster10.atac.filter.cutsites.hg38.tagAlign.gz		ATAC	/oak/stanford/groups/engreitz/Projects/ABC/HiC/avg_track2	avg	5000	1.024238616787792	5.9594510043736655		
mcginnis_dataset6_cluster10		/oak/stanford/projects/igvf/Y2AVE/E2G_Predictions/inputs/mcginnis_dataset6_cluster10/CharacterizationMcGinnis_Dataset6_cluster10.atac.filter.cutsites.hg38.tagAlign.gz		ATAC	/oak/stanford/groups/engreitz/Projects/ABC/HiC/avg_track2	avg	5000	1.024238616787792	5.9594510043736655		
230601_iPSC_art_ven_EC_10xmultiome_Cluster6		/oak/stanford/projects/igvf/Y2AVE/E2G_Predictions/inputs/230601_iPSC_art_ven_EC_10xmultiome_Cluster6/230601_iPSC_art_ven_EC_10Xmultiome_Cluster6.atac.filter.cutsites.hg38.tagAlign.gz		ATAC	/oak/stanford/groups/engreitz/Projects/ABC/HiC/avg_track2	avg	5000	1.024238616787792	5.9594510043736655		
mcginnis_dataset1_cluster5		/oak/stanford/projects/igvf/Y2AVE/E2G_Predictions/inputs/mcginnis_dataset1_cluster5/CharacterizationMcGinnis_Dataset1_cluster5.atac.filter.cutsites.hg38.sorted.tagAlign.gz		ATAC	/oak/stanford/groups/engreitz/Projects/ABC/HiC/avg_track2	avg	5000	1.024238616787792	5.9594510043736655		
mcginnis_dataset6_cluster20		/oak/stanford/projects/igvf/Y2AVE/E2G_Predictions/inputs/mcginnis_dataset6_cluster20/CharacterizationMcGinnis_Dataset6_cluster20.atac.filter.cutsites.hg38.tagAlign.gz		ATAC	/oak/stanford/groups/engreitz/Projects/ABC/HiC/avg_track2	avg	5000	1.024238616787792	5.9594510043736655		
ENCSR848EID_Cluster1		/oak/stanford/projects/igvf/Y2AVE/E2G_Predictions/inputs/ENCSR848EID_Cluster1/tagAlign_ENCSR848EID_Gastric_chief_cell.sorted.tagAlign.gz		ATAC	/oak/stanford/groups/engreitz/Projects/ABC/HiC/avg_track2	avg	5000	1.024238616787792	5.9594510043736655		
mcginnis_dataset6_cluster24		/oak/stanford/projects/igvf/Y2AVE/E2G_Predictions/inputs/mcginnis_dataset6_cluster24/CharacterizationMcGinnis_Dataset6_cluster24.atac.filter.cutsites.hg38.tagAlign.gz		ATAC	/oak/stanford/groups/engreitz/Projects/ABC/HiC/avg_track2	avg	5000	1.024238616787792	5.9594510043736655		
ENCSR822GXQ_Cluster5		/oak/stanford/projects/igvf/Y2AVE/E2G_Predictions/inputs/ENCSR822GXQ_Cluster5/tagAlign_ENCSR822GXQ_Basal_epithelial_cell.sorted.tagAlign.gz		ATAC	/oak/stanford/groups/engreitz/Projects/ABC/HiC/avg_track2	avg	5000	1.024238616787792	5.9594510043736655		
mcginnis_dataset0_cluster5		/oak/stanford/projects/igvf/Y2AVE/E2G_Predictions/inputs/mcginnis_dataset0_cluster5/CharacterizationMcGinnis_Dataset0_cluster5.atac.filter.cutsites.hg38.tagAlign.gz		ATAC	/oak/stanford/groups/engreitz/Projects/ABC/HiC/avg_track2	avg	5000	1.024238616787792	5.9594510043736655		
mcginnis_dataset6_cluster17		/oak/stanford/projects/igvf/Y2AVE/E2G_Predictions/inputs/mcginnis_dataset6_cluster17/CharacterizationMcGinnis_Dataset6_cluster17.atac.filter.cutsites.hg38.tagAlign.gz		ATAC	/oak/stanford/groups/engreitz/Projects/ABC/HiC/avg_track2	avg	5000	1.024238616787792	5.9594510043736655		
ENCSR023FME_Cluster2		/oak/stanford/projects/igvf/Y2AVE/E2G_Predictions/inputs/ENCSR023FME_Cluster2/tagAlign_ENCSR023FME_Fibroblast.sorted.tagAlign.gz		ATAC	/oak/stanford/groups/engreitz/Projects/ABC/HiC/avg_track2	avg	5000	1.024238616787792	5.9594510043736655		
ENCSR411MLR_Cluster4		/oak/stanford/projects/igvf/Y2AVE/E2G_Predictions/inputs/ENCSR411MLR_Cluster4/tagAlign_ENCSR411MLR_Endothelial_cell.sorted.tagAlign.gz		ATAC	/oak/stanford/groups/engreitz/Projects/ABC/HiC/avg_track2	avg	5000	1.024238616787792	5.9594510043736655		
ENCSR506YMX_Cluster1		/oak/stanford/projects/igvf/Y2AVE/E2G_Predictions/inputs/ENCSR506YMX_Cluster1/tagAlign_ENCSR506YMX_Luminal_epithelial_cell.sorted.tagAlign.gz		ATAC	/oak/stanford/groups/engreitz/Projects/ABC/HiC/avg_track2	avg	5000	1.024238616787792	5.9594510043736655		
mcginnis_dataset3_cluster9		/oak/stanford/projects/igvf/Y2AVE/E2G_Predictions/inputs/mcginnis_dataset3_cluster9/CharacterizationMcGinnis_Dataset3_cluster9.atac.filter.cutsites.hg38.tagAlign.gz		ATAC	/oak/stanford/groups/engreitz/Projects/ABC/HiC/avg_track2	avg	5000	1.024238616787792	5.9594510043736655		
ENCSR845QFX_Cluster6		/oak/stanford/projects/igvf/Y2AVE/E2G_Predictions/inputs/ENCSR845QFX_Cluster6/tagAlign_ENCSR845QFX_Vascular_smooth_muscle_cell.sorted.tagAlign.gz		ATAC	/oak/stanford/groups/engreitz/Projects/ABC/HiC/avg_track2	avg	5000	1.024238616787792	5.9594510043736655		
mcginnis_dataset3_cluster8		/oak/stanford/projects/igvf/Y2AVE/E2G_Predictions/inputs/mcginnis_dataset3_cluster8/CharacterizationMcGinnis_Dataset3_cluster8.atac.filter.cutsites.hg38.tagAlign.gz		ATAC	/oak/stanford/groups/engreitz/Projects/ABC/HiC/avg_track2	avg	5000	1.024238616787792	5.9594510043736655		
ENCSR261TQO_Cluster4		/oak/stanford/projects/igvf/Y2AVE/E2G_Predictions/inputs/ENCSR261TQO_Cluster4/tagAlign_ENCSR261TQO_T_lymphocyte.sorted.tagAlign.gz		ATAC	/oak/stanford/groups/engreitz/Projects/ABC/HiC/avg_track2	avg	5000	1.024238616787792	5.9594510043736655		
mcginnis_dataset3_cluster12		/oak/stanford/projects/igvf/Y2AVE/E2G_Predictions/inputs/mcginnis_dataset3_cluster12/CharacterizationMcGinnis_Dataset3_cluster12.atac.filter.cutsites.hg38.tagAlign.gz		ATAC	/oak/stanford/groups/engreitz/Projects/ABC/HiC/avg_track2	avg	5000	1.024238616787792	5.9594510043736655		
mcginnis_dataset6_cluster9		/oak/stanford/projects/igvf/Y2AVE/E2G_Predictions/inputs/mcginnis_dataset6_cluster9/CharacterizationMcGinnis_Dataset6_cluster9.atac.filter.cutsites.hg38.tagAlign.gz		ATAC	/oak/stanford/groups/engreitz/Projects/ABC/HiC/avg_track2	avg	5000	1.024238616787792	5.9594510043736655		
mcginnis_dataset5_cluster12		/oak/stanford/projects/igvf/Y2AVE/E2G_Predictions/inputs/mcginnis_dataset5_cluster12/CharacterizationMcGinnis_Dataset5_cluster12.atac.filter.cutsites.hg38.tagAlign.gz		ATAC	/oak/stanford/groups/engreitz/Projects/ABC/HiC/avg_track2	avg	5000	1.024238616787792	5.9594510043736655		
230601_iPSC_art_ven_EC_10xmultiome_Cluster12		/oak/stanford/projects/igvf/Y2AVE/E2G_Predictions/inputs/230601_iPSC_art_ven_EC_10xmultiome_Cluster12/230601_iPSC_art_ven_EC_10Xmultiome_Cluster12.atac.filter.cutsites.hg38.tagAlign.gz		ATAC	/oak/stanford/groups/engreitz/Projects/ABC/HiC/avg_track2	avg	5000	1.024238616787792	5.9594510043736655		
mcginnis_dataset1_cluster4		/oak/stanford/projects/igvf/Y2AVE/E2G_Predictions/inputs/mcginnis_dataset1_cluster4/CharacterizationMcGinnis_Dataset1_cluster4.atac.filter.cutsites.hg38.tagAlign.gz		ATAC	/oak/stanford/groups/engreitz/Projects/ABC/HiC/avg_track2	avg	5000	1.024238616787792	5.9594510043736655		
ENCSR474TGL_Cluster2		/oak/stanford/projects/igvf/Y2AVE/E2G_Predictions/inputs/ENCSR474TGL_Cluster2/tagAlign_ENCSR474TGL_Fibroblast.sorted.tagAlign.gz		ATAC	/oak/stanford/groups/engreitz/Projects/ABC/HiC/avg_track2	avg	5000	1.024238616787792	5.9594510043736655		
ENCSR868ZEI_Cluster9		/oak/stanford/projects/igvf/Y2AVE/E2G_Predictions/inputs/ENCSR868ZEI_Cluster9/tagAlign_ENCSR868ZEI_Smooth_muscle_cell.sorted.tagAlign.gz		ATAC	/oak/stanford/groups/engreitz/Projects/ABC/HiC/avg_track2	avg	5000	1.024238616787792	5.9594510043736655		
ENCSR453TVZ_Cluster2		/oak/stanford/projects/igvf/Y2AVE/E2G_Predictions/inputs/ENCSR453TVZ_Cluster2/tagAlign_ENCSR453TVZ_Basal_epithelial_cell.2.sorted.tagAlign.gz		ATAC	/oak/stanford/groups/engreitz/Projects/ABC/HiC/avg_track2	avg	5000	1.024238616787792	5.9594510043736655		
ENCSR261TQO_Cluster5		/oak/stanford/projects/igvf/Y2AVE/E2G_Predictions/inputs/ENCSR261TQO_Cluster5/tagAlign_ENCSR261TQO_Macrophage.sorted.tagAlign.gz		ATAC	/oak/stanford/groups/engreitz/Projects/ABC/HiC/avg_track2	avg	5000	1.024238616787792	5.9594510043736655		
mcginnis_dataset2_cluster2		/oak/stanford/projects/igvf/Y2AVE/E2G_Predictions/inputs/mcginnis_dataset2_cluster2/CharacterizationMcGinnis_Dataset2_cluster2.atac.filter.cutsites.hg38.tagAlign.gz		ATAC	/oak/stanford/groups/engreitz/Projects/ABC/HiC/avg_track2	avg	5000	1.024238616787792	5.9594510043736655		
mcginnis_dataset3_cluster2		/oak/stanford/projects/igvf/Y2AVE/E2G_Predictions/inputs/mcginnis_dataset3_cluster2/CharacterizationMcGinnis_Dataset3_cluster2.atac.filter.cutsites.hg38.tagAlign.gz		ATAC	/oak/stanford/groups/engreitz/Projects/ABC/HiC/avg_track2	avg	5000	1.024238616787792	5.9594510043736655		
ENCSR411MLR_Cluster3		/oak/stanford/projects/igvf/Y2AVE/E2G_Predictions/inputs/ENCSR411MLR_Cluster3/tagAlign_ENCSR411MLR_Vascular_smooth_muscle_cell.1.sorted.tagAlign.gz		ATAC	/oak/stanford/groups/engreitz/Projects/ABC/HiC/avg_track2	avg	5000	1.024238616787792	5.9594510043736655		
mcginnis_dataset3_cluster0		/oak/stanford/projects/igvf/Y2AVE/E2G_Predictions/inputs/mcginnis_dataset3_cluster0/CharacterizationMcGinnis_Dataset3_cluster0.atac.filter.cutsites.hg38.tagAlign.gz		ATAC	/oak/stanford/groups/engreitz/Projects/ABC/HiC/avg_track2	avg	5000	1.024238616787792	5.9594510043736655		
GerminalCenter10xATAC_combined_Cluster4		/oak/stanford/projects/igvf/Y2AVE/E2G_Predictions/inputs/GerminalCenter10xATAC_combined_Cluster4/GerminalCenter10xATAC_combined_Cluster4.atac.filter.cutsites.hg38.tagAlign.gz		ATAC	/oak/stanford/groups/engreitz/Projects/ABC/HiC/avg_track2	avg	5000	1.024238616787792	5.9594510043736655		
GerminalCenter10xATAC_combined_Cluster5		/oak/stanford/projects/igvf/Y2AVE/E2G_Predictions/inputs/GerminalCenter10xATAC_combined_Cluster5/GerminalCenter10xATAC_combined_Cluster5.atac.filter.cutsites.hg38.tagAlign.gz		ATAC	/oak/stanford/groups/engreitz/Projects/ABC/HiC/avg_track2	avg	5000	1.024238616787792	5.9594510043736655		
ENCSR181XXQ_Cluster3		/oak/stanford/projects/igvf/Y2AVE/E2G_Predictions/inputs/ENCSR181XXQ_Cluster3/tagAlign_ENCSR181XXQ_Endothelial_cell.sorted.tagAlign.gz		ATAC	/oak/stanford/groups/engreitz/Projects/ABC/HiC/avg_track2	avg	5000	1.024238616787792	5.9594510043736655		
mcginnis_dataset6_cluster22		/oak/stanford/projects/igvf/Y2AVE/E2G_Predictions/inputs/mcginnis_dataset6_cluster22/CharacterizationMcGinnis_Dataset6_cluster22.atac.filter.cutsites.hg38.tagAlign.gz		ATAC	/oak/stanford/groups/engreitz/Projects/ABC/HiC/avg_track2	avg	5000	1.024238616787792	5.9594510043736655		
mcginnis_dataset1_cluster3		/oak/stanford/projects/igvf/Y2AVE/E2G_Predictions/inputs/mcginnis_dataset1_cluster3/CharacterizationMcGinnis_Dataset1_cluster3.atac.filter.cutsites.hg38.tagAlign.gz		ATAC	/oak/stanford/groups/engreitz/Projects/ABC/HiC/avg_track2	avg	5000	1.024238616787792	5.9594510043736655		
mcginnis_dataset6_cluster25		/oak/stanford/projects/igvf/Y2AVE/E2G_Predictions/inputs/mcginnis_dataset6_cluster25/CharacterizationMcGinnis_Dataset6_cluster25.atac.filter.cutsites.hg38.tagAlign.gz		ATAC	/oak/stanford/groups/engreitz/Projects/ABC/HiC/avg_track2	avg	5000	1.024238616787792	5.9594510043736655		
mcginnis_dataset9_cluster8		/oak/stanford/projects/igvf/Y2AVE/E2G_Predictions/inputs/mcginnis_dataset9_cluster8/CharacterizationMcGinnis_Dataset9_cluster8.atac.filter.cutsites.hg38.tagAlign.gz		ATAC	/oak/stanford/groups/engreitz/Projects/ABC/HiC/avg_track2	avg	5000	1.024238616787792	5.9594510043736655		
mcginnis_dataset6_cluster8		/oak/stanford/projects/igvf/Y2AVE/E2G_Predictions/inputs/mcginnis_dataset6_cluster8/CharacterizationMcGinnis_Dataset6_cluster8.atac.filter.cutsites.hg38.tagAlign.gz		ATAC	/oak/stanford/groups/engreitz/Projects/ABC/HiC/avg_track2	avg	5000	1.024238616787792	5.9594510043736655		
ENCSR367GKP_Cluster4		/oak/stanford/projects/igvf/Y2AVE/E2G_Predictions/inputs/ENCSR367GKP_Cluster4/tagAlign_ENCSR367GKP_Vascular_smooth_muscle_cell.sorted.tagAlign.gz		ATAC	/oak/stanford/groups/engreitz/Projects/ABC/HiC/avg_track2	avg	5000	1.024238616787792	5.9594510043736655		
ENCSR023FME_Cluster1		/oak/stanford/projects/igvf/Y2AVE/E2G_Predictions/inputs/ENCSR023FME_Cluster1/tagAlign_ENCSR023FME_Type_I_skeletal_myocyte.sorted.tagAlign.gz		ATAC	/oak/stanford/groups/engreitz/Projects/ABC/HiC/avg_track2	avg	5000	1.024238616787792	5.9594510043736655		
mcginnis_dataset4_cluster1		/oak/stanford/projects/igvf/Y2AVE/E2G_Predictions/inputs/mcginnis_dataset4_cluster1/CharacterizationMcGinnis_Dataset4_cluster1.atac.filter.cutsites.hg38.tagAlign.gz		ATAC	/oak/stanford/groups/engreitz/Projects/ABC/HiC/avg_track2	avg	5000	1.024238616787792	5.9594510043736655		
ENCSR660NEE_Cluster6		/oak/stanford/projects/igvf/Y2AVE/E2G_Predictions/inputs/ENCSR660NEE_Cluster6/tagAlign_ENCSR660NEE_Macrophage.sorted.tagAlign.gz		ATAC	/oak/stanford/groups/engreitz/Projects/ABC/HiC/avg_track2	avg	5000	1.024238616787792	5.9594510043736655		
ENCSR618WVK_Cluster4		/oak/stanford/projects/igvf/Y2AVE/E2G_Predictions/inputs/ENCSR618WVK_Cluster4/ENCSR618WVK_Cluster4.sorted.tagAlign.gz		ATAC	/oak/stanford/groups/engreitz/Projects/ABC/HiC/avg_track2	avg	5000	1.024238616787792	5.9594510043736655		
mcginnis_dataset5_cluster11		/oak/stanford/projects/igvf/Y2AVE/E2G_Predictions/inputs/mcginnis_dataset5_cluster11/CharacterizationMcGinnis_Dataset5_cluster11.atac.filter.cutsites.hg38.tagAlign.gz		ATAC	/oak/stanford/groups/engreitz/Projects/ABC/HiC/avg_track2	avg	5000	1.024238616787792	5.9594510043736655		
ENCSR302CMX_Cluster1		/oak/stanford/projects/igvf/Y2AVE/E2G_Predictions/inputs/ENCSR302CMX_Cluster1/tagAlign_ENCSR302CMX_Fibroblast.sorted.tagAlign.gz		ATAC	/oak/stanford/groups/engreitz/Projects/ABC/HiC/avg_track2	avg	5000	1.024238616787792	5.9594510043736655		
mcginnis_dataset2_cluster4		/oak/stanford/projects/igvf/Y2AVE/E2G_Predictions/inputs/mcginnis_dataset2_cluster4/CharacterizationMcGinnis_Dataset2_cluster4.atac.filter.cutsites.hg38.tagAlign.gz		ATAC	/oak/stanford/groups/engreitz/Projects/ABC/HiC/avg_track2	avg	5000	1.024238616787792	5.9594510043736655		
ENCSR367GKP_Cluster5		/oak/stanford/projects/igvf/Y2AVE/E2G_Predictions/inputs/ENCSR367GKP_Cluster5/tagAlign_ENCSR367GKP_Macrophage.sorted.tagAlign.gz		ATAC	/oak/stanford/groups/engreitz/Projects/ABC/HiC/avg_track2	avg	5000	1.024238616787792	5.9594510043736655		
mcginnis_dataset9_cluster12		/oak/stanford/projects/igvf/Y2AVE/E2G_Predictions/inputs/mcginnis_dataset9_cluster12/CharacterizationMcGinnis_Dataset9_cluster12.atac.filter.cutsites.hg38.tagAlign.gz		ATAC	/oak/stanford/groups/engreitz/Projects/ABC/HiC/avg_track2	avg	5000	1.024238616787792	5.9594510043736655		
Ma2020_BMMC_SingleDonor_neutrophil		/oak/stanford/projects/igvf/Y2AVE/E2G_Predictions/inputs/Ma2020_BMMC_SingleDonor_neutrophil/tagAlign_Ma2020_BMMC_SingleDonor_neutrophil.tsv.gz		ATAC	/oak/stanford/groups/engreitz/Projects/ABC/HiC/avg_track2	avg	5000	1.024238616787792	5.9594510043736655		
mcginnis_dataset5_cluster0		/oak/stanford/projects/igvf/Y2AVE/E2G_Predictions/inputs/mcginnis_dataset5_cluster0/CharacterizationMcGinnis_Dataset5_cluster0.atac.filter.cutsites.hg38.tagAlign.gz		ATAC	/oak/stanford/groups/engreitz/Projects/ABC/HiC/avg_track2	avg	5000	1.024238616787792	5.9594510043736655		
mcginnis_dataset0_cluster1		/oak/stanford/projects/igvf/Y2AVE/E2G_Predictions/inputs/mcginnis_dataset0_cluster1/CharacterizationMcGinnis_Dataset0_cluster1.atac.filter.cutsites.hg38.tagAlign.gz		ATAC	/oak/stanford/groups/engreitz/Projects/ABC/HiC/avg_track2	avg	5000	1.024238616787792	5.9594510043736655		
GerminalCenter10xATAC_combined_Cluster7		/oak/stanford/projects/igvf/Y2AVE/E2G_Predictions/inputs/GerminalCenter10xATAC_combined_Cluster7/GerminalCenter10xATAC_combined_Cluster7.atac.filter.cutsites.hg38.tagAlign.gz		ATAC	/oak/stanford/groups/engreitz/Projects/ABC/HiC/avg_track2	avg	5000	1.024238616787792	5.9594510043736655		
ENCSR302CMX_Cluster4		/oak/stanford/projects/igvf/Y2AVE/E2G_Predictions/inputs/ENCSR302CMX_Cluster4/tagAlign_ENCSR302CMX_Endothelial_cell.sorted.tagAlign.gz		ATAC	/oak/stanford/groups/engreitz/Projects/ABC/HiC/avg_track2	avg	5000	1.024238616787792	5.9594510043736655		
mcginnis_dataset4_cluster3		/oak/stanford/projects/igvf/Y2AVE/E2G_Predictions/inputs/mcginnis_dataset4_cluster3/CharacterizationMcGinnis_Dataset4_cluster3.atac.filter.cutsites.hg38.tagAlign.gz		ATAC	/oak/stanford/groups/engreitz/Projects/ABC/HiC/avg_track2	avg	5000	1.024238616787792	5.9594510043736655		
mcginnis_dataset9_cluster5		/oak/stanford/projects/igvf/Y2AVE/E2G_Predictions/inputs/mcginnis_dataset9_cluster5/CharacterizationMcGinnis_Dataset9_cluster5.atac.filter.cutsites.hg38.tagAlign.gz		ATAC	/oak/stanford/groups/engreitz/Projects/ABC/HiC/avg_track2	avg	5000	1.024238616787792	5.9594510043736655		
ENCSR474TGL_Cluster1		/oak/stanford/projects/igvf/Y2AVE/E2G_Predictions/inputs/ENCSR474TGL_Cluster1/tagAlign_ENCSR474TGL_Endothelial_cell.sorted.tagAlign.gz		ATAC	/oak/stanford/groups/engreitz/Projects/ABC/HiC/avg_track2	avg	5000	1.024238616787792	5.9594510043736655		
ENCSR776EOI_Cluster2		/oak/stanford/projects/igvf/Y2AVE/E2G_Predictions/inputs/ENCSR776EOI_Cluster2/tagAlign_ENCSR776EOI_Macrophage.sorted.tagAlign.gz		ATAC	/oak/stanford/groups/engreitz/Projects/ABC/HiC/avg_track2	avg	5000	1.024238616787792	5.9594510043736655		
mcginnis_dataset3_cluster14		/oak/stanford/projects/igvf/Y2AVE/E2G_Predictions/inputs/mcginnis_dataset3_cluster14/CharacterizationMcGinnis_Dataset3_cluster14.atac.filter.cutsites.hg38.tagAlign.gz		ATAC	/oak/stanford/groups/engreitz/Projects/ABC/HiC/avg_track2	avg	5000	1.024238616787792	5.9594510043736655		
Ma2020_BMMC_SingleDonor_erythrocyte		/oak/stanford/projects/igvf/Y2AVE/E2G_Predictions/inputs/Ma2020_BMMC_SingleDonor_erythrocyte/tagAlign_Ma2020_BMMC_SingleDonor_erythrocyte.tsv.gz		ATAC	/oak/stanford/groups/engreitz/Projects/ABC/HiC/avg_track2	avg	5000	1.024238616787792	5.9594510043736655		
mcginnis_dataset1_cluster6		/oak/stanford/projects/igvf/Y2AVE/E2G_Predictions/inputs/mcginnis_dataset1_cluster6/CharacterizationMcGinnis_Dataset1_cluster6.atac.filter.cutsites.hg38.sorted.tagAlign.gz		ATAC	/oak/stanford/groups/engreitz/Projects/ABC/HiC/avg_track2	avg	5000	1.024238616787792	5.9594510043736655		
ENCSR411MLR_Cluster2		/oak/stanford/projects/igvf/Y2AVE/E2G_Predictions/inputs/ENCSR411MLR_Cluster2/tagAlign_ENCSR411MLR_T_lymphocyte.sorted.tagAlign.gz		ATAC	/oak/stanford/groups/engreitz/Projects/ABC/HiC/avg_track2	avg	5000	1.024238616787792	5.9594510043736655		
mcginnis_dataset6_cluster13		/oak/stanford/projects/igvf/Y2AVE/E2G_Predictions/inputs/mcginnis_dataset6_cluster13/CharacterizationMcGinnis_Dataset6_cluster13.atac.filter.cutsites.hg38.tagAlign.gz		ATAC	/oak/stanford/groups/engreitz/Projects/ABC/HiC/avg_track2	avg	5000	1.024238616787792	5.9594510043736655		
mcginnis_dataset5_cluster14		/oak/stanford/projects/igvf/Y2AVE/E2G_Predictions/inputs/mcginnis_dataset5_cluster14/CharacterizationMcGinnis_Dataset5_cluster14.atac.filter.cutsites.hg38.tagAlign.gz		ATAC	/oak/stanford/groups/engreitz/Projects/ABC/HiC/avg_track2	avg	5000	1.024238616787792	5.9594510043736655		
ENCSR506YMX_Cluster3		/oak/stanford/projects/igvf/Y2AVE/E2G_Predictions/inputs/ENCSR506YMX_Cluster3/tagAlign_ENCSR506YMX_Tuft_cell.sorted.tagAlign.gz		ATAC	/oak/stanford/groups/engreitz/Projects/ABC/HiC/avg_track2	avg	5000	1.024238616787792	5.9594510043736655		
ENCSR868ZEI_Cluster7		/oak/stanford/projects/igvf/Y2AVE/E2G_Predictions/inputs/ENCSR868ZEI_Cluster7/tagAlign_ENCSR868ZEI_Myofibroblast.sorted.tagAlign.gz		ATAC	/oak/stanford/groups/engreitz/Projects/ABC/HiC/avg_track2	avg	5000	1.024238616787792	5.9594510043736655		
mcginnis_dataset3_cluster3		/oak/stanford/projects/igvf/Y2AVE/E2G_Predictions/inputs/mcginnis_dataset3_cluster3/CharacterizationMcGinnis_Dataset3_cluster3.atac.filter.cutsites.hg38.tagAlign.gz		ATAC	/oak/stanford/groups/engreitz/Projects/ABC/HiC/avg_track2	avg	5000	1.024238616787792	5.9594510043736655		
ENCSR776EOI_Cluster1		/oak/stanford/projects/igvf/Y2AVE/E2G_Predictions/inputs/ENCSR776EOI_Cluster1/tagAlign_ENCSR776EOI_Fibroblast.sorted.tagAlign.gz		ATAC	/oak/stanford/groups/engreitz/Projects/ABC/HiC/avg_track2	avg	5000	1.024238616787792	5.9594510043736655		
Ma2020_BMMC_SingleDonor_plasma-cell		/oak/stanford/projects/igvf/Y2AVE/E2G_Predictions/inputs/Ma2020_BMMC_SingleDonor_plasma-cell/tagAlign_Ma2020_BMMC_SingleDonor_plasma-cell.tsv.gz		ATAC	/oak/stanford/groups/engreitz/Projects/ABC/HiC/avg_track2	avg	5000	1.024238616787792	5.9594510043736655		
mcginnis_dataset3_cluster1		/oak/stanford/projects/igvf/Y2AVE/E2G_Predictions/inputs/mcginnis_dataset3_cluster1/CharacterizationMcGinnis_Dataset3_cluster1.atac.filter.cutsites.hg38.tagAlign.gz		ATAC	/oak/stanford/groups/engreitz/Projects/ABC/HiC/avg_track2	avg	5000	1.024238616787792	5.9594510043736655		
ENCSR845QFX_Cluster5		/oak/stanford/projects/igvf/Y2AVE/E2G_Predictions/inputs/ENCSR845QFX_Cluster5/tagAlign_ENCSR845QFX_Fibroblast.sorted.tagAlign.gz		ATAC	/oak/stanford/groups/engreitz/Projects/ABC/HiC/avg_track2	avg	5000	1.024238616787792	5.9594510043736655		
mcginnis_dataset4_cluster13		/oak/stanford/projects/igvf/Y2AVE/E2G_Predictions/inputs/mcginnis_dataset4_cluster13/CharacterizationMcGinnis_Dataset4_cluster13.atac.filter.cutsites.hg38.tagAlign.gz		ATAC	/oak/stanford/groups/engreitz/Projects/ABC/HiC/avg_track2	avg	5000	1.024238616787792	5.9594510043736655		
ENCSR618WVK_Cluster2		/oak/stanford/projects/igvf/Y2AVE/E2G_Predictions/inputs/ENCSR618WVK_Cluster2/ENCSR618WVK_Cluster2.sorted.tagAlign.gz		ATAC	/oak/stanford/groups/engreitz/Projects/ABC/HiC/avg_track2	avg	5000	1.024238616787792	5.9594510043736655		
ENCSR261TQO_Cluster6		/oak/stanford/projects/igvf/Y2AVE/E2G_Predictions/inputs/ENCSR261TQO_Cluster6/tagAlign_ENCSR261TQO_Acinar_cell.sorted.tagAlign.gz		ATAC	/oak/stanford/groups/engreitz/Projects/ABC/HiC/avg_track2	avg	5000	1.024238616787792	5.9594510043736655		
ENCSR261TQO_Cluster1		/oak/stanford/projects/igvf/Y2AVE/E2G_Predictions/inputs/ENCSR261TQO_Cluster1/tagAlign_ENCSR261TQO_Endothelial_cell.sorted.tagAlign.gz		ATAC	/oak/stanford/groups/engreitz/Projects/ABC/HiC/avg_track2	avg	5000	1.024238616787792	5.9594510043736655		
mcginnis_dataset3_cluster5		/oak/stanford/projects/igvf/Y2AVE/E2G_Predictions/inputs/mcginnis_dataset3_cluster5/CharacterizationMcGinnis_Dataset3_cluster5.atac.filter.cutsites.hg38.tagAlign.gz		ATAC	/oak/stanford/groups/engreitz/Projects/ABC/HiC/avg_track2	avg	5000	1.024238616787792	5.9594510043736655		
GerminalCenter10xATAC_combined_Cluster10		/oak/stanford/projects/igvf/Y2AVE/E2G_Predictions/inputs/GerminalCenter10xATAC_combined_Cluster10/GerminalCenter10xATAC_combined_Cluster10.atac.filter.cutsites.hg38.tagAlign.gz		ATAC	/oak/stanford/groups/engreitz/Projects/ABC/HiC/avg_track2	avg	5000	1.024238616787792	5.9594510043736655		
GerminalCenter10xATAC_combined_Cluster13		/oak/stanford/projects/igvf/Y2AVE/E2G_Predictions/inputs/GerminalCenter10xATAC_combined_Cluster13/GerminalCenter10xATAC_combined_Cluster13.atac.filter.cutsites.hg38.tagAlign.gz		ATAC	/oak/stanford/groups/engreitz/Projects/ABC/HiC/avg_track2	avg	5000	1.024238616787792	5.9594510043736655		
mcginnis_dataset4_cluster10		/oak/stanford/projects/igvf/Y2AVE/E2G_Predictions/inputs/mcginnis_dataset4_cluster10/CharacterizationMcGinnis_Dataset4_cluster10.atac.filter.cutsites.hg38.tagAlign.gz		ATAC	/oak/stanford/groups/engreitz/Projects/ABC/HiC/avg_track2	avg	5000	1.024238616787792	5.9594510043736655		
mcginnis_dataset9_cluster10		/oak/stanford/projects/igvf/Y2AVE/E2G_Predictions/inputs/mcginnis_dataset9_cluster10/CharacterizationMcGinnis_Dataset9_cluster10.atac.filter.cutsites.hg38.tagAlign.gz		ATAC	/oak/stanford/groups/engreitz/Projects/ABC/HiC/avg_track2	avg	5000	1.024238616787792	5.9594510043736655		
ENCSR660NEE_Cluster8		/oak/stanford/projects/igvf/Y2AVE/E2G_Predictions/inputs/ENCSR660NEE_Cluster8/tagAlign_ENCSR660NEE_Smooth_muscle_cell.sorted.tagAlign.gz		ATAC	/oak/stanford/groups/engreitz/Projects/ABC/HiC/avg_track2	avg	5000	1.024238616787792	5.9594510043736655		
Ma2020_BMMC_SingleDonor_CD4-positive		/oak/stanford/projects/igvf/Y2AVE/E2G_Predictions/inputs/Ma2020_BMMC_SingleDonor_CD4-positive/tagAlign_Ma2020_BMMC_SingleDonor_CD4-positive.tsv.gz		ATAC	/oak/stanford/groups/engreitz/Projects/ABC/HiC/avg_track2	avg	5000	1.024238616787792	5.9594510043736655		
Ma2020_BMMC_SingleDonor_erythroid-progenitor-cell		/oak/stanford/projects/igvf/Y2AVE/E2G_Predictions/inputs/Ma2020_BMMC_SingleDonor_erythroid-progenitor-cell/tagAlign_Ma2020_BMMC_SingleDonor_erythroid-progenitor-cell.tsv.gz		ATAC	/oak/stanford/groups/engreitz/Projects/ABC/HiC/avg_track2	avg	5000	1.024238616787792	5.9594510043736655		
Ma2020_BMMC_SingleDonor_mature-NK-T-cell		/oak/stanford/projects/igvf/Y2AVE/E2G_Predictions/inputs/Ma2020_BMMC_SingleDonor_mature-NK-T-cell/tagAlign_Ma2020_BMMC_SingleDonor_mature-NK-T-cell.tsv.gz		ATAC	/oak/stanford/groups/engreitz/Projects/ABC/HiC/avg_track2	avg	5000	1.024238616787792	5.9594510043736655		
ENCSR538FPK_Cluster4		/oak/stanford/projects/igvf/Y2AVE/E2G_Predictions/inputs/ENCSR538FPK_Cluster4/tagAlign_ENCSR538FPK_Smooth_muscle_cell.sorted.tagAlign.gz		ATAC	/oak/stanford/groups/engreitz/Projects/ABC/HiC/avg_track2	avg	5000	1.024238616787792	5.9594510043736655		
mcginnis_dataset3_cluster15		/oak/stanford/projects/igvf/Y2AVE/E2G_Predictions/inputs/mcginnis_dataset3_cluster15/CharacterizationMcGinnis_Dataset3_cluster15.atac.filter.cutsites.hg38.tagAlign.gz		ATAC	/oak/stanford/groups/engreitz/Projects/ABC/HiC/avg_track2	avg	5000	1.024238616787792	5.9594510043736655		
ENCSR718WGE_Cluster3		/oak/stanford/projects/igvf/Y2AVE/E2G_Predictions/inputs/ENCSR718WGE_Cluster3/tagAlign_ENCSR718WGE_Endothelial_cell.sorted.tagAlign.gz		ATAC	/oak/stanford/groups/engreitz/Projects/ABC/HiC/avg_track2	avg	5000	1.024238616787792	5.9594510043736655		
230601_iPSC_art_ven_EC_10xmultiome_Cluster9		/oak/stanford/projects/igvf/Y2AVE/E2G_Predictions/inputs/230601_iPSC_art_ven_EC_10xmultiome_Cluster9/230601_iPSC_art_ven_EC_10Xmultiome_Cluster9.atac.filter.cutsites.hg38.tagAlign.gz		ATAC	/oak/stanford/groups/engreitz/Projects/ABC/HiC/avg_track2	avg	5000	1.024238616787792	5.9594510043736655		
ENCSR618WVK_Cluster1		/oak/stanford/projects/igvf/Y2AVE/E2G_Predictions/inputs/ENCSR618WVK_Cluster1/ENCSR618WVK_Cluster1.sorted.tagAlign.gz		ATAC	/oak/stanford/groups/engreitz/Projects/ABC/HiC/avg_track2	avg	5000	1.024238616787792	5.9594510043736655		
230601_iPSC_art_ven_EC_10xmultiome_Cluster3		/oak/stanford/projects/igvf/Y2AVE/E2G_Predictions/inputs/230601_iPSC_art_ven_EC_10xmultiome_Cluster3/230601_iPSC_art_ven_EC_10Xmultiome_Cluster3.atac.filter.cutsites.hg38.tagAlign.gz		ATAC	/oak/stanford/groups/engreitz/Projects/ABC/HiC/avg_track2	avg	5000	1.024238616787792	5.9594510043736655		
ENCSR367GKP_Cluster1		/oak/stanford/projects/igvf/Y2AVE/E2G_Predictions/inputs/ENCSR367GKP_Cluster1/tagAlign_ENCSR367GKP_Fibroblast.sorted.tagAlign.gz		ATAC	/oak/stanford/groups/engreitz/Projects/ABC/HiC/avg_track2	avg	5000	1.024238616787792	5.9594510043736655		
ENCSR822GXQ_Cluster1		/oak/stanford/projects/igvf/Y2AVE/E2G_Predictions/inputs/ENCSR822GXQ_Cluster1/tagAlign_ENCSR822GXQ_Endothelial_cell.sorted.tagAlign.gz		ATAC	/oak/stanford/groups/engreitz/Projects/ABC/HiC/avg_track2	avg	5000	1.024238616787792	5.9594510043736655		
mcginnis_dataset9_cluster0		/oak/stanford/projects/igvf/Y2AVE/E2G_Predictions/inputs/mcginnis_dataset9_cluster0/CharacterizationMcGinnis_Dataset9_cluster0.atac.filter.cutsites.hg38.tagAlign.gz		ATAC	/oak/stanford/groups/engreitz/Projects/ABC/HiC/avg_track2	avg	5000	1.024238616787792	5.9594510043736655		
mcginnis_dataset4_cluster12		/oak/stanford/projects/igvf/Y2AVE/E2G_Predictions/inputs/mcginnis_dataset4_cluster12/CharacterizationMcGinnis_Dataset4_cluster12.atac.filter.cutsites.hg38.tagAlign.gz		ATAC	/oak/stanford/groups/engreitz/Projects/ABC/HiC/avg_track2	avg	5000	1.024238616787792	5.9594510043736655		
mcginnis_dataset5_cluster9		/oak/stanford/projects/igvf/Y2AVE/E2G_Predictions/inputs/mcginnis_dataset5_cluster9/CharacterizationMcGinnis_Dataset5_cluster9.atac.filter.cutsites.hg38.tagAlign.gz		ATAC	/oak/stanford/groups/engreitz/Projects/ABC/HiC/avg_track2	avg	5000	1.024238616787792	5.9594510043736655		
mcginnis_dataset6_cluster18		/oak/stanford/projects/igvf/Y2AVE/E2G_Predictions/inputs/mcginnis_dataset6_cluster18/CharacterizationMcGinnis_Dataset6_cluster18.atac.filter.cutsites.hg38.tagAlign.gz		ATAC	/oak/stanford/groups/engreitz/Projects/ABC/HiC/avg_track2	avg	5000	1.024238616787792	5.9594510043736655		
ENCSR506YMX_Cluster5		/oak/stanford/projects/igvf/Y2AVE/E2G_Predictions/inputs/ENCSR506YMX_Cluster5/tagAlign_ENCSR506YMX_T_lymphocyte.sorted.tagAlign.gz		ATAC	/oak/stanford/groups/engreitz/Projects/ABC/HiC/avg_track2	avg	5000	1.024238616787792	5.9594510043736655		
ENCSR538FPK_Cluster6		/oak/stanford/projects/igvf/Y2AVE/E2G_Predictions/inputs/ENCSR538FPK_Cluster6/tagAlign_ENCSR538FPK_Cardiomyocyte.sorted.tagAlign.gz		ATAC	/oak/stanford/groups/engreitz/Projects/ABC/HiC/avg_track2	avg	5000	1.024238616787792	5.9594510043736655		
ENCSR848EID_Cluster5		/oak/stanford/projects/igvf/Y2AVE/E2G_Predictions/inputs/ENCSR848EID_Cluster5/tagAlign_ENCSR848EID_Fibroblast.sorted.tagAlign.gz		ATAC	/oak/stanford/groups/engreitz/Projects/ABC/HiC/avg_track2	avg	5000	1.024238616787792	5.9594510043736655		
mcginnis_dataset9_cluster9		/oak/stanford/projects/igvf/Y2AVE/E2G_Predictions/inputs/mcginnis_dataset9_cluster9/CharacterizationMcGinnis_Dataset9_cluster9.atac.filter.cutsites.hg38.tagAlign.gz		ATAC	/oak/stanford/groups/engreitz/Projects/ABC/HiC/avg_track2	avg	5000	1.024238616787792	5.9594510043736655		
ENCSR455CVZ_Cluster1		/oak/stanford/projects/igvf/Y2AVE/E2G_Predictions/inputs/ENCSR455CVZ_Cluster1/tagAlign_ENCSR455CVZ_Endothelial_cell.sorted.tagAlign.gz		ATAC	/oak/stanford/groups/engreitz/Projects/ABC/HiC/avg_track2	avg	5000	1.024238616787792	5.9594510043736655		
ENCSR660NEE_Cluster3		/oak/stanford/projects/igvf/Y2AVE/E2G_Predictions/inputs/ENCSR660NEE_Cluster3/tagAlign_ENCSR660NEE_Mast_cell.sorted.tagAlign.gz		ATAC	/oak/stanford/groups/engreitz/Projects/ABC/HiC/avg_track2	avg	5000	1.024238616787792	5.9594510043736655		
ENCSR776EOI_Cluster3		/oak/stanford/projects/igvf/Y2AVE/E2G_Predictions/inputs/ENCSR776EOI_Cluster3/tagAlign_ENCSR776EOI_Cardiomyocyte.sorted.tagAlign.gz		ATAC	/oak/stanford/groups/engreitz/Projects/ABC/HiC/avg_track2	avg	5000	1.024238616787792	5.9594510043736655		
mcginnis_dataset0_cluster2		/oak/stanford/projects/igvf/Y2AVE/E2G_Predictions/inputs/mcginnis_dataset0_cluster2/CharacterizationMcGinnis_Dataset0_cluster2.atac.filter.cutsites.hg38.tagAlign.gz		ATAC	/oak/stanford/groups/engreitz/Projects/ABC/HiC/avg_track2	avg	5000	1.024238616787792	5.9594510043736655		
mcginnis_dataset9_cluster1		/oak/stanford/projects/igvf/Y2AVE/E2G_Predictions/inputs/mcginnis_dataset9_cluster1/CharacterizationMcGinnis_Dataset9_cluster1.atac.filter.cutsites.hg38.tagAlign.gz		ATAC	/oak/stanford/groups/engreitz/Projects/ABC/HiC/avg_track2	avg	5000	1.024238616787792	5.9594510043736655		
mcginnis_dataset9_cluster11		/oak/stanford/projects/igvf/Y2AVE/E2G_Predictions/inputs/mcginnis_dataset9_cluster11/CharacterizationMcGinnis_Dataset9_cluster11.atac.filter.cutsites.hg38.tagAlign.gz		ATAC	/oak/stanford/groups/engreitz/Projects/ABC/HiC/avg_track2	avg	5000	1.024238616787792	5.9594510043736655		
mcginnis_dataset3_cluster13		/oak/stanford/projects/igvf/Y2AVE/E2G_Predictions/inputs/mcginnis_dataset3_cluster13/CharacterizationMcGinnis_Dataset3_cluster13.atac.filter.cutsites.hg38.tagAlign.gz		ATAC	/oak/stanford/groups/engreitz/Projects/ABC/HiC/avg_track2	avg	5000	1.024238616787792	5.9594510043736655		
ENCSR718WGE_Cluster4		/oak/stanford/projects/igvf/Y2AVE/E2G_Predictions/inputs/ENCSR718WGE_Cluster4/tagAlign_ENCSR718WGE_T_lymphocyte.sorted.tagAlign.gz		ATAC	/oak/stanford/groups/engreitz/Projects/ABC/HiC/avg_track2	avg	5000	1.024238616787792	5.9594510043736655		
mcginnis_dataset5_cluster2		/oak/stanford/projects/igvf/Y2AVE/E2G_Predictions/inputs/mcginnis_dataset5_cluster2/CharacterizationMcGinnis_Dataset5_cluster2.atac.filter.cutsites.hg38.tagAlign.gz		ATAC	/oak/stanford/groups/engreitz/Projects/ABC/HiC/avg_track2	avg	5000	1.024238616787792	5.9594510043736655		
ENCSR660NEE_Cluster1		/oak/stanford/projects/igvf/Y2AVE/E2G_Predictions/inputs/ENCSR660NEE_Cluster1/tagAlign_ENCSR660NEE_Fibroblast.sorted.tagAlign.gz		ATAC	/oak/stanford/groups/engreitz/Projects/ABC/HiC/avg_track2	avg	5000	1.024238616787792	5.9594510043736655		
ENCSR181XXQ_Cluster2		/oak/stanford/projects/igvf/Y2AVE/E2G_Predictions/inputs/ENCSR181XXQ_Cluster2/tagAlign_ENCSR181XXQ_Vascular_smooth_muscle_cell.sorted.tagAlign.gz		ATAC	/oak/stanford/groups/engreitz/Projects/ABC/HiC/avg_track2	avg	5000	1.024238616787792	5.9594510043736655		
mcginnis_dataset6_cluster16		/oak/stanford/projects/igvf/Y2AVE/E2G_Predictions/inputs/mcginnis_dataset6_cluster16/CharacterizationMcGinnis_Dataset6_cluster16.atac.filter.cutsites.hg38.tagAlign.gz		ATAC	/oak/stanford/groups/engreitz/Projects/ABC/HiC/avg_track2	avg	5000	1.024238616787792	5.9594510043736655		
ENCSR796RXX_Cluster1		/oak/stanford/projects/igvf/Y2AVE/E2G_Predictions/inputs/ENCSR796RXX_Cluster1/tagAlign_ENCSR796RXX_Follicular_cell.sorted.tagAlign.gz		ATAC	/oak/stanford/groups/engreitz/Projects/ABC/HiC/avg_track2	avg	5000	1.024238616787792	5.9594510043736655		
mcginnis_dataset3_cluster6		/oak/stanford/projects/igvf/Y2AVE/E2G_Predictions/inputs/mcginnis_dataset3_cluster6/CharacterizationMcGinnis_Dataset3_cluster6.atac.filter.cutsites.hg38.tagAlign.gz		ATAC	/oak/stanford/groups/engreitz/Projects/ABC/HiC/avg_track2	avg	5000	1.024238616787792	5.9594510043736655		
ENCSR868ZEI_Cluster2		/oak/stanford/projects/igvf/Y2AVE/E2G_Predictions/inputs/ENCSR868ZEI_Cluster2/tagAlign_ENCSR868ZEI_T_lymphocyte.sorted.tagAlign.gz		ATAC	/oak/stanford/groups/engreitz/Projects/ABC/HiC/avg_track2	avg	5000	1.024238616787792	5.9594510043736655		
230601_iPSC_art_ven_EC_10xmultiome_Cluster8		/oak/stanford/projects/igvf/Y2AVE/E2G_Predictions/inputs/230601_iPSC_art_ven_EC_10xmultiome_Cluster8/230601_iPSC_art_ven_EC_10Xmultiome_Cluster8.atac.filter.cutsites.hg38.tagAlign.gz		ATAC	/oak/stanford/groups/engreitz/Projects/ABC/HiC/avg_track2	avg	5000	1.024238616787792	5.9594510043736655		
mcginnis_dataset9_cluster7		/oak/stanford/projects/igvf/Y2AVE/E2G_Predictions/inputs/mcginnis_dataset9_cluster7/CharacterizationMcGinnis_Dataset9_cluster7.atac.filter.cutsites.hg38.tagAlign.gz		ATAC	/oak/stanford/groups/engreitz/Projects/ABC/HiC/avg_track2	avg	5000	1.024238616787792	5.9594510043736655		
mcginnis_dataset4_cluster6		/oak/stanford/projects/igvf/Y2AVE/E2G_Predictions/inputs/mcginnis_dataset4_cluster6/CharacterizationMcGinnis_Dataset4_cluster6.atac.filter.cutsites.hg38.tagAlign.gz		ATAC	/oak/stanford/groups/engreitz/Projects/ABC/HiC/avg_track2	avg	5000	1.024238616787792	5.9594510043736655		
ENCSR822GXQ_Cluster3		/oak/stanford/projects/igvf/Y2AVE/E2G_Predictions/inputs/ENCSR822GXQ_Cluster3/tagAlign_ENCSR822GXQ_Macrophage.sorted.tagAlign.gz		ATAC	/oak/stanford/groups/engreitz/Projects/ABC/HiC/avg_track2	avg	5000	1.024238616787792	5.9594510043736655		
ENCSR796RXX_Cluster2		/oak/stanford/projects/igvf/Y2AVE/E2G_Predictions/inputs/ENCSR796RXX_Cluster2/tagAlign_ENCSR796RXX_Fibroblast.sorted.tagAlign.gz		ATAC	/oak/stanford/groups/engreitz/Projects/ABC/HiC/avg_track2	avg	5000	1.024238616787792	5.9594510043736655		
ENCSR796RXX_Cluster3		/oak/stanford/projects/igvf/Y2AVE/E2G_Predictions/inputs/ENCSR796RXX_Cluster3/tagAlign_ENCSR796RXX_Endothelial_cell.sorted.tagAlign.gz		ATAC	/oak/stanford/groups/engreitz/Projects/ABC/HiC/avg_track2	avg	5000	1.024238616787792	5.9594510043736655		
mcginnis_dataset10_cluster6		/oak/stanford/projects/igvf/Y2AVE/E2G_Predictions/inputs/mcginnis_dataset10_cluster6/CharacterizationMcGinnis_Dataset10_cluster6.atac.filter.cutsites.hg38.tagAlign.gz		ATAC	/oak/stanford/groups/engreitz/Projects/ABC/HiC/avg_track2	avg	5000	1.024238616787792	5.9594510043736655		
mcginnis_dataset5_cluster15		/oak/stanford/projects/igvf/Y2AVE/E2G_Predictions/inputs/mcginnis_dataset5_cluster15/CharacterizationMcGinnis_Dataset5_cluster15.atac.filter.cutsites.hg38.tagAlign.gz		ATAC	/oak/stanford/groups/engreitz/Projects/ABC/HiC/avg_track2	avg	5000	1.024238616787792	5.9594510043736655		
mcginnis_dataset5_cluster8		/oak/stanford/projects/igvf/Y2AVE/E2G_Predictions/inputs/mcginnis_dataset5_cluster8/CharacterizationMcGinnis_Dataset5_cluster8.atac.filter.cutsites.hg38.tagAlign.gz		ATAC	/oak/stanford/groups/engreitz/Projects/ABC/HiC/avg_track2	avg	5000	1.024238616787792	5.9594510043736655		
mcginnis_dataset5_cluster6		/oak/stanford/projects/igvf/Y2AVE/E2G_Predictions/inputs/mcginnis_dataset5_cluster6/CharacterizationMcGinnis_Dataset5_cluster6.atac.filter.cutsites.hg38.tagAlign.gz		ATAC	/oak/stanford/groups/engreitz/Projects/ABC/HiC/avg_track2	avg	5000	1.024238616787792	5.9594510043736655		
mcginnis_dataset10_cluster3		/oak/stanford/projects/igvf/Y2AVE/E2G_Predictions/inputs/mcginnis_dataset10_cluster3/CharacterizationMcGinnis_Dataset10_cluster3.atac.filter.cutsites.hg38.tagAlign.gz		ATAC	/oak/stanford/groups/engreitz/Projects/ABC/HiC/avg_track2	avg	5000	1.024238616787792	5.9594510043736655		
GerminalCenter10xATAC_combined_Cluster12		/oak/stanford/projects/igvf/Y2AVE/E2G_Predictions/inputs/GerminalCenter10xATAC_combined_Cluster12/GerminalCenter10xATAC_combined_Cluster12.atac.filter.cutsites.hg38.tagAlign.gz		ATAC	/oak/stanford/groups/engreitz/Projects/ABC/HiC/avg_track2	avg	5000	1.024238616787792	5.9594510043736655		
ENCSR868ZEI_Cluster6		/oak/stanford/projects/igvf/Y2AVE/E2G_Predictions/inputs/ENCSR868ZEI_Cluster6/tagAlign_ENCSR868ZEI_Schwann_cell.sorted.tagAlign.gz		ATAC	/oak/stanford/groups/engreitz/Projects/ABC/HiC/avg_track2	avg	5000	1.024238616787792	5.9594510043736655		
mcginnis_dataset0_cluster6		/oak/stanford/projects/igvf/Y2AVE/E2G_Predictions/inputs/mcginnis_dataset0_cluster6/CharacterizationMcGinnis_Dataset0_cluster6.atac.filter.cutsites.hg38.tagAlign.gz		ATAC	/oak/stanford/groups/engreitz/Projects/ABC/HiC/avg_track2	avg	5000	1.024238616787792	5.9594510043736655		
mcginnis_dataset5_cluster16		/oak/stanford/projects/igvf/Y2AVE/E2G_Predictions/inputs/mcginnis_dataset5_cluster16/CharacterizationMcGinnis_Dataset5_cluster16.atac.filter.cutsites.hg38.tagAlign.gz		ATAC	/oak/stanford/groups/engreitz/Projects/ABC/HiC/avg_track2	avg	5000	1.024238616787792	5.9594510043736655		
GerminalCenter10xATAC_combined_Cluster14		/oak/stanford/projects/igvf/Y2AVE/E2G_Predictions/inputs/GerminalCenter10xATAC_combined_Cluster14/GerminalCenter10xATAC_combined_Cluster14.atac.filter.cutsites.hg38.tagAlign.gz		ATAC	/oak/stanford/groups/engreitz/Projects/ABC/HiC/avg_track2	avg	5000	1.024238616787792	5.9594510043736655		
mcginnis_dataset7_human_cluster2		/oak/stanford/projects/igvf/Y2AVE/E2G_Predictions/inputs/mcginnis_dataset7_human_cluster2/CharacterizationMcGinnis_dataset7_human_cluster2.atac.filter.cutsites.hg38.tagAlign.gz		ATAC	/oak/stanford/groups/engreitz/Projects/ABC/HiC/avg_track2	avg	5000	1.024238616787792	5.9594510043736655		
mcginnis_dataset4_cluster2		/oak/stanford/projects/igvf/Y2AVE/E2G_Predictions/inputs/mcginnis_dataset4_cluster2/CharacterizationMcGinnis_Dataset4_cluster2.atac.filter.cutsites.hg38.tagAlign.gz		ATAC	/oak/stanford/groups/engreitz/Projects/ABC/HiC/avg_track2	avg	5000	1.024238616787792	5.9594510043736655		
ENCSR776EOI_Cluster4		/oak/stanford/projects/igvf/Y2AVE/E2G_Predictions/inputs/ENCSR776EOI_Cluster4/tagAlign_ENCSR776EOI_Mesothelial_cell.sorted.tagAlign.gz		ATAC	/oak/stanford/groups/engreitz/Projects/ABC/HiC/avg_track2	avg	5000	1.024238616787792	5.9594510043736655		
ENCSR474TGL_Cluster4		/oak/stanford/projects/igvf/Y2AVE/E2G_Predictions/inputs/ENCSR474TGL_Cluster4/tagAlign_ENCSR474TGL_Macrophage.sorted.tagAlign.gz		ATAC	/oak/stanford/groups/engreitz/Projects/ABC/HiC/avg_track2	avg	5000	1.024238616787792	5.9594510043736655		
ENCSR660NEE_Cluster7		/oak/stanford/projects/igvf/Y2AVE/E2G_Predictions/inputs/ENCSR660NEE_Cluster7/tagAlign_ENCSR660NEE_T_lymphocyte.sorted.tagAlign.gz		ATAC	/oak/stanford/groups/engreitz/Projects/ABC/HiC/avg_track2	avg	5000	1.024238616787792	5.9594510043736655		
230601_iPSC_art_ven_EC_10xmultiome_Cluster5		/oak/stanford/projects/igvf/Y2AVE/E2G_Predictions/inputs/230601_iPSC_art_ven_EC_10xmultiome_Cluster5/230601_iPSC_art_ven_EC_10Xmultiome_Cluster5.atac.filter.cutsites.hg38.tagAlign.gz		ATAC	/oak/stanford/groups/engreitz/Projects/ABC/HiC/avg_track2	avg	5000	1.024238616787792	5.9594510043736655		
mcginnis_dataset2_cluster3		/oak/stanford/projects/igvf/Y2AVE/E2G_Predictions/inputs/mcginnis_dataset2_cluster3/CharacterizationMcGinnis_Dataset2_cluster3.atac.filter.cutsites.hg38.tagAlign.gz		ATAC	/oak/stanford/groups/engreitz/Projects/ABC/HiC/avg_track2	avg	5000	1.024238616787792	5.9594510043736655		
mcginnis_dataset4_cluster5		/oak/stanford/projects/igvf/Y2AVE/E2G_Predictions/inputs/mcginnis_dataset4_cluster5/CharacterizationMcGinnis_Dataset4_cluster5.atac.filter.cutsites.hg38.tagAlign.gz		ATAC	/oak/stanford/groups/engreitz/Projects/ABC/HiC/avg_track2	avg	5000	1.024238616787792	5.9594510043736655		
ENCSR660NEE_Cluster2		/oak/stanford/projects/igvf/Y2AVE/E2G_Predictions/inputs/ENCSR660NEE_Cluster2/tagAlign_ENCSR660NEE_Vascular_smooth_muscle_cell.sorted.tagAlign.gz		ATAC	/oak/stanford/groups/engreitz/Projects/ABC/HiC/avg_track2	avg	5000	1.024238616787792	5.9594510043736655		
mcginnis_dataset5_cluster4		/oak/stanford/projects/igvf/Y2AVE/E2G_Predictions/inputs/mcginnis_dataset5_cluster4/CharacterizationMcGinnis_Dataset5_cluster4.atac.filter.cutsites.hg38.tagAlign.gz		ATAC	/oak/stanford/groups/engreitz/Projects/ABC/HiC/avg_track2	avg	5000	1.024238616787792	5.9594510043736655		
mcginnis_dataset6_cluster21		/oak/stanford/projects/igvf/Y2AVE/E2G_Predictions/inputs/mcginnis_dataset6_cluster21/CharacterizationMcGinnis_Dataset6_cluster21.atac.filter.cutsites.hg38.tagAlign.gz		ATAC	/oak/stanford/groups/engreitz/Projects/ABC/HiC/avg_track2	avg	5000	1.024238616787792	5.9594510043736655		
mcginnis_dataset4_cluster4		/oak/stanford/projects/igvf/Y2AVE/E2G_Predictions/inputs/mcginnis_dataset4_cluster4/CharacterizationMcGinnis_Dataset4_cluster4.atac.filter.cutsites.hg38.tagAlign.gz		ATAC	/oak/stanford/groups/engreitz/Projects/ABC/HiC/avg_track2	avg	5000	1.024238616787792	5.9594510043736655		
mcginnis_dataset6_cluster7		/oak/stanford/projects/igvf/Y2AVE/E2G_Predictions/inputs/mcginnis_dataset6_cluster7/CharacterizationMcGinnis_Dataset6_cluster7.atac.filter.cutsites.hg38.tagAlign.gz		ATAC	/oak/stanford/groups/engreitz/Projects/ABC/HiC/avg_track2	avg	5000	1.024238616787792	5.9594510043736655		
Ma2020_BMMC_SingleDonor_hematopoietic-stem-cell		/oak/stanford/projects/igvf/Y2AVE/E2G_Predictions/inputs/Ma2020_BMMC_SingleDonor_hematopoietic-stem-cell/tagAlign_Ma2020_BMMC_SingleDonor_hematopoietic-stem-cell.tsv.gz		ATAC	/oak/stanford/groups/engreitz/Projects/ABC/HiC/avg_track2	avg	5000	1.024238616787792	5.9594510043736655		
mcginnis_dataset4_cluster9		/oak/stanford/projects/igvf/Y2AVE/E2G_Predictions/inputs/mcginnis_dataset4_cluster9/CharacterizationMcGinnis_Dataset4_cluster9.atac.filter.cutsites.hg38.tagAlign.gz		ATAC	/oak/stanford/groups/engreitz/Projects/ABC/HiC/avg_track2	avg	5000	1.024238616787792	5.9594510043736655		
ENCSR848EID_Cluster2		/oak/stanford/projects/igvf/Y2AVE/E2G_Predictions/inputs/ENCSR848EID_Cluster2/tagAlign_ENCSR848EID_Macrophage.sorted.tagAlign.gz		ATAC	/oak/stanford/groups/engreitz/Projects/ABC/HiC/avg_track2	avg	5000	1.024238616787792	5.9594510043736655		
mcginnis_dataset7_human_cluster1		/oak/stanford/projects/igvf/Y2AVE/E2G_Predictions/inputs/mcginnis_dataset7_human_cluster1/CharacterizationMcGinnis_dataset7_human_cluster1.atac.filter.cutsites.hg38.tagAlign.gz		ATAC	/oak/stanford/groups/engreitz/Projects/ABC/HiC/avg_track2	avg	5000	1.024238616787792	5.9594510043736655		
Ma2020_BMMC_SingleDonor_CD8-positive		/oak/stanford/projects/igvf/Y2AVE/E2G_Predictions/inputs/Ma2020_BMMC_SingleDonor_CD8-positive/tagAlign_Ma2020_BMMC_SingleDonor_CD8-positive.tsv.gz		ATAC	/oak/stanford/groups/engreitz/Projects/ABC/HiC/avg_track2	avg	5000	1.024238616787792	5.9594510043736655		
mcginnis_dataset5_cluster13		/oak/stanford/projects/igvf/Y2AVE/E2G_Predictions/inputs/mcginnis_dataset5_cluster13/CharacterizationMcGinnis_Dataset5_cluster13.atac.filter.cutsites.hg38.tagAlign.gz		ATAC	/oak/stanford/groups/engreitz/Projects/ABC/HiC/avg_track2	avg	5000	1.024238616787792	5.9594510043736655		
ENCSR660NEE_Cluster4		/oak/stanford/projects/igvf/Y2AVE/E2G_Predictions/inputs/ENCSR660NEE_Cluster4/tagAlign_ENCSR660NEE_Schwann_cell.sorted.tagAlign.gz		ATAC	/oak/stanford/groups/engreitz/Projects/ABC/HiC/avg_track2	avg	5000	1.024238616787792	5.9594510043736655		
mcginnis_dataset4_cluster11		/oak/stanford/projects/igvf/Y2AVE/E2G_Predictions/inputs/mcginnis_dataset4_cluster11/CharacterizationMcGinnis_Dataset4_cluster11.atac.filter.cutsites.hg38.tagAlign.gz		ATAC	/oak/stanford/groups/engreitz/Projects/ABC/HiC/avg_track2	avg	5000	1.024238616787792	5.9594510043736655		
ENCSR718WGE_Cluster1		/oak/stanford/projects/igvf/Y2AVE/E2G_Predictions/inputs/ENCSR718WGE_Cluster1/tagAlign_ENCSR718WGE_Type_II_pneumocyte.sorted.tagAlign.gz		ATAC	/oak/stanford/groups/engreitz/Projects/ABC/HiC/avg_track2	avg	5000	1.024238616787792	5.9594510043736655		
GerminalCenter10xATAC_combined_Cluster11		/oak/stanford/projects/igvf/Y2AVE/E2G_Predictions/inputs/GerminalCenter10xATAC_combined_Cluster11/GerminalCenter10xATAC_combined_Cluster11.atac.filter.cutsites.hg38.tagAlign.gz		ATAC	/oak/stanford/groups/engreitz/Projects/ABC/HiC/avg_track2	avg	5000	1.024238616787792	5.9594510043736655		
ENCSR868ZEI_Cluster8		/oak/stanford/projects/igvf/Y2AVE/E2G_Predictions/inputs/ENCSR868ZEI_Cluster8/tagAlign_ENCSR868ZEI_Fibroblast.sorted.tagAlign.gz		ATAC	/oak/stanford/groups/engreitz/Projects/ABC/HiC/avg_track2	avg	5000	1.024238616787792	5.9594510043736655		
mcginnis_dataset6_cluster0		/oak/stanford/projects/igvf/Y2AVE/E2G_Predictions/inputs/mcginnis_dataset6_cluster0/CharacterizationMcGinnis_Dataset6_cluster0.atac.filter.cutsites.hg38.tagAlign.gz		ATAC	/oak/stanford/groups/engreitz/Projects/ABC/HiC/avg_track2	avg	5000	1.024238616787792	5.9594510043736655		
230601_iPSC_art_ven_EC_10xmultiome_Cluster1		/oak/stanford/projects/igvf/Y2AVE/E2G_Predictions/inputs/230601_iPSC_art_ven_EC_10xmultiome_Cluster1/230601_iPSC_art_ven_EC_10Xmultiome_Cluster1.atac.filter.cutsites.hg38.tagAlign.gz		ATAC	/oak/stanford/groups/engreitz/Projects/ABC/HiC/avg_track2	avg	5000	1.024238616787792	5.9594510043736655		
GerminalCenter10xATAC_combined_Cluster6		/oak/stanford/projects/igvf/Y2AVE/E2G_Predictions/inputs/GerminalCenter10xATAC_combined_Cluster6/GerminalCenter10xATAC_combined_Cluster6.atac.filter.cutsites.hg38.tagAlign.gz		ATAC	/oak/stanford/groups/engreitz/Projects/ABC/HiC/avg_track2	avg	5000	1.024238616787792	5.9594510043736655		
mcginnis_dataset6_cluster3		/oak/stanford/projects/igvf/Y2AVE/E2G_Predictions/inputs/mcginnis_dataset6_cluster3/CharacterizationMcGinnis_Dataset6_cluster3.atac.filter.cutsites.hg38.tagAlign.gz		ATAC	/oak/stanford/groups/engreitz/Projects/ABC/HiC/avg_track2	avg	5000	1.024238616787792	5.9594510043736655		
mcginnis_dataset6_cluster19		/oak/stanford/projects/igvf/Y2AVE/E2G_Predictions/inputs/mcginnis_dataset6_cluster19/CharacterizationMcGinnis_Dataset6_cluster19.atac.filter.cutsites.hg38.tagAlign.gz		ATAC	/oak/stanford/groups/engreitz/Projects/ABC/HiC/avg_track2	avg	5000	1.024238616787792	5.9594510043736655		
mcginnis_dataset7_human_cluster3		/oak/stanford/projects/igvf/Y2AVE/E2G_Predictions/inputs/mcginnis_dataset7_human_cluster3/CharacterizationMcGinnis_dataset7_human_cluster3.atac.filter.cutsites.hg38.tagAlign.gz		ATAC	/oak/stanford/groups/engreitz/Projects/ABC/HiC/avg_track2	avg	5000	1.024238616787792	5.9594510043736655		
mcginnis_dataset9_cluster2		/oak/stanford/projects/igvf/Y2AVE/E2G_Predictions/inputs/mcginnis_dataset9_cluster2/CharacterizationMcGinnis_Dataset9_cluster2.atac.filter.cutsites.hg38.tagAlign.gz		ATAC	/oak/stanford/groups/engreitz/Projects/ABC/HiC/avg_track2	avg	5000	1.024238616787792	5.9594510043736655		
ENCSR845QFX_Cluster2		/oak/stanford/projects/igvf/Y2AVE/E2G_Predictions/inputs/ENCSR845QFX_Cluster2/tagAlign_ENCSR845QFX_Luminal_epithelial_cell.1.sorted.tagAlign.gz		ATAC	/oak/stanford/groups/engreitz/Projects/ABC/HiC/avg_track2	avg	5000	1.024238616787792	5.9594510043736655		
ENCSR455CVZ_Cluster2		/oak/stanford/projects/igvf/Y2AVE/E2G_Predictions/inputs/ENCSR455CVZ_Cluster2/tagAlign_ENCSR455CVZ_Vascular_smooth_muscle_cell.sorted.tagAlign.gz		ATAC	/oak/stanford/groups/engreitz/Projects/ABC/HiC/avg_track2	avg	5000	1.024238616787792	5.9594510043736655		
mcginnis_dataset5_cluster1		/oak/stanford/projects/igvf/Y2AVE/E2G_Predictions/inputs/mcginnis_dataset5_cluster1/CharacterizationMcGinnis_Dataset5_cluster1.atac.filter.cutsites.hg38.tagAlign.gz		ATAC	/oak/stanford/groups/engreitz/Projects/ABC/HiC/avg_track2	avg	5000	1.024238616787792	5.9594510043736655		
mcginnis_dataset7_human_cluster4		/oak/stanford/projects/igvf/Y2AVE/E2G_Predictions/inputs/mcginnis_dataset7_human_cluster4/CharacterizationMcGinnis_dataset7_human_cluster4.atac.filter.cutsites.hg38.tagAlign.gz		ATAC	/oak/stanford/groups/engreitz/Projects/ABC/HiC/avg_track2	avg	5000	1.024238616787792	5.9594510043736655		
GerminalCenter10xATAC_combined_Cluster2		/oak/stanford/projects/igvf/Y2AVE/E2G_Predictions/inputs/GerminalCenter10xATAC_combined_Cluster2/GerminalCenter10xATAC_combined_Cluster2.atac.filter.cutsites.hg38.tagAlign.gz		ATAC	/oak/stanford/groups/engreitz/Projects/ABC/HiC/avg_track2	avg	5000	1.024238616787792	5.9594510043736655		
ENCSR181XXQ_Cluster1		/oak/stanford/projects/igvf/Y2AVE/E2G_Predictions/inputs/ENCSR181XXQ_Cluster1/tagAlign_ENCSR181XXQ_Adipocyte.sorted.tagAlign.gz		ATAC	/oak/stanford/groups/engreitz/Projects/ABC/HiC/avg_track2	avg	5000	1.024238616787792	5.9594510043736655		
ENCSR367GKP_Cluster2		/oak/stanford/projects/igvf/Y2AVE/E2G_Predictions/inputs/ENCSR367GKP_Cluster2/tagAlign_ENCSR367GKP_Schwann_cell.sorted.tagAlign.gz		ATAC	/oak/stanford/groups/engreitz/Projects/ABC/HiC/avg_track2	avg	5000	1.024238616787792	5.9594510043736655		
mcginnis_dataset1_cluster1		/oak/stanford/projects/igvf/Y2AVE/E2G_Predictions/inputs/mcginnis_dataset1_cluster1/CharacterizationMcGinnis_Dataset1_cluster1.atac.filter.cutsites.hg38.tagAlign.gz		ATAC	/oak/stanford/groups/engreitz/Projects/ABC/HiC/avg_track2	avg	5000	1.024238616787792	5.9594510043736655		
mcginnis_dataset0_cluster3		/oak/stanford/projects/igvf/Y2AVE/E2G_Predictions/inputs/mcginnis_dataset0_cluster3/CharacterizationMcGinnis_Dataset0_cluster3.atac.filter.cutsites.hg38.tagAlign.gz		ATAC	/oak/stanford/groups/engreitz/Projects/ABC/HiC/avg_track2	avg	5000	1.024238616787792	5.9594510043736655		
ENCSR868ZEI_Cluster4		/oak/stanford/projects/igvf/Y2AVE/E2G_Predictions/inputs/ENCSR868ZEI_Cluster4/tagAlign_ENCSR868ZEI_Vascular_smooth_muscle_cell.sorted.tagAlign.gz		ATAC	/oak/stanford/groups/engreitz/Projects/ABC/HiC/avg_track2	avg	5000	1.024238616787792	5.9594510043736655		
mcginnis_dataset9_cluster6		/oak/stanford/projects/igvf/Y2AVE/E2G_Predictions/inputs/mcginnis_dataset9_cluster6/CharacterizationMcGinnis_Dataset9_cluster6.atac.filter.cutsites.hg38.tagAlign.gz		ATAC	/oak/stanford/groups/engreitz/Projects/ABC/HiC/avg_track2	avg	5000	1.024238616787792	5.9594510043736655		
ENCSR538FPK_Cluster2		/oak/stanford/projects/igvf/Y2AVE/E2G_Predictions/inputs/ENCSR538FPK_Cluster2/tagAlign_ENCSR538FPK_Endothelial_cell.sorted.tagAlign.gz		ATAC	/oak/stanford/groups/engreitz/Projects/ABC/HiC/avg_track2	avg	5000	1.024238616787792	5.9594510043736655		
ENCSR506YMX_Cluster4		/oak/stanford/projects/igvf/Y2AVE/E2G_Predictions/inputs/ENCSR506YMX_Cluster4/tagAlign_ENCSR506YMX_Goblet_cell.sorted.tagAlign.gz		ATAC	/oak/stanford/groups/engreitz/Projects/ABC/HiC/avg_track2	avg	5000	1.024238616787792	5.9594510043736655		
mcginnis_dataset1_cluster2		/oak/stanford/projects/igvf/Y2AVE/E2G_Predictions/inputs/mcginnis_dataset1_cluster2/CharacterizationMcGinnis_Dataset1_cluster2.atac.filter.cutsites.hg38.tagAlign.gz		ATAC	/oak/stanford/groups/engreitz/Projects/ABC/HiC/avg_track2	avg	5000	1.024238616787792	5.9594510043736655		
mcginnis_dataset3_cluster16		/oak/stanford/projects/igvf/Y2AVE/E2G_Predictions/inputs/mcginnis_dataset3_cluster16/CharacterizationMcGinnis_Dataset3_cluster16.atac.filter.cutsites.hg38.tagAlign.gz		ATAC	/oak/stanford/groups/engreitz/Projects/ABC/HiC/avg_track2	avg	5000	1.024238616787792	5.9594510043736655		
230601_iPSC_art_ven_EC_10xmultiome_Cluster10		/oak/stanford/projects/igvf/Y2AVE/E2G_Predictions/inputs/230601_iPSC_art_ven_EC_10xmultiome_Cluster10/230601_iPSC_art_ven_EC_10Xmultiome_Cluster10.atac.filter.cutsites.hg38.tagAlign.gz		ATAC	/oak/stanford/groups/engreitz/Projects/ABC/HiC/avg_track2	avg	5000	1.024238616787792	5.9594510043736655		
ENCSR181XXQ_Cluster4		/oak/stanford/projects/igvf/Y2AVE/E2G_Predictions/inputs/ENCSR181XXQ_Cluster4/tagAlign_ENCSR181XXQ_Mesothelial_cell.sorted.tagAlign.gz		ATAC	/oak/stanford/groups/engreitz/Projects/ABC/HiC/avg_track2	avg	5000	1.024238616787792	5.9594510043736655		
mcginnis_dataset7_human_cluster0		/oak/stanford/projects/igvf/Y2AVE/E2G_Predictions/inputs/mcginnis_dataset7_human_cluster0/CharacterizationMcGinnis_dataset7_human_cluster0.atac.filter.cutsites.hg38.tagAlign.gz		ATAC	/oak/stanford/groups/engreitz/Projects/ABC/HiC/avg_track2	avg	5000	1.024238616787792	5.9594510043736655		
ENCSR506YMX_Cluster2		/oak/stanford/projects/igvf/Y2AVE/E2G_Predictions/inputs/ENCSR506YMX_Cluster2/tagAlign_ENCSR506YMX_Vascular_smooth_muscle_cell.sorted.tagAlign.gz		ATAC	/oak/stanford/groups/engreitz/Projects/ABC/HiC/avg_track2	avg	5000	1.024238616787792	5.9594510043736655		
230601_iPSC_art_ven_EC_10xmultiome_Cluster2		/oak/stanford/projects/igvf/Y2AVE/E2G_Predictions/inputs/230601_iPSC_art_ven_EC_10xmultiome_Cluster2/230601_iPSC_art_ven_EC_10Xmultiome_Cluster2.atac.filter.cutsites.hg38.tagAlign.gz		ATAC	/oak/stanford/groups/engreitz/Projects/ABC/HiC/avg_track2	avg	5000	1.024238616787792	5.9594510043736655		
ENCSR868ZEI_Cluster5		/oak/stanford/projects/igvf/Y2AVE/E2G_Predictions/inputs/ENCSR868ZEI_Cluster5/tagAlign_ENCSR868ZEI_Endothelial_cell.sorted.tagAlign.gz		ATAC	/oak/stanford/groups/engreitz/Projects/ABC/HiC/avg_track2	avg	5000	1.024238616787792	5.9594510043736655		
mcginnis_dataset2_cluster0		/oak/stanford/projects/igvf/Y2AVE/E2G_Predictions/inputs/mcginnis_dataset2_cluster0/CharacterizationMcGinnis_Dataset2_cluster0.atac.filter.cutsites.hg38.tagAlign.gz		ATAC	/oak/stanford/groups/engreitz/Projects/ABC/HiC/avg_track2	avg	5000	1.024238616787792	5.9594510043736655		
mcginnis_dataset0_cluster0		/oak/stanford/projects/igvf/Y2AVE/E2G_Predictions/inputs/mcginnis_dataset0_cluster0/CharacterizationMcGinnis_Dataset0_cluster0.atac.filter.cutsites.hg38.tagAlign.gz		ATAC	/oak/stanford/groups/engreitz/Projects/ABC/HiC/avg_track2	avg	5000	1.024238616787792	5.9594510043736655		
mcginnis_dataset6_cluster11		/oak/stanford/projects/igvf/Y2AVE/E2G_Predictions/inputs/mcginnis_dataset6_cluster11/CharacterizationMcGinnis_Dataset6_cluster11.atac.filter.cutsites.hg38.tagAlign.gz		ATAC	/oak/stanford/groups/engreitz/Projects/ABC/HiC/avg_track2	avg	5000	1.024238616787792	5.9594510043736655		
ENCSR453TVZ_Cluster3		/oak/stanford/projects/igvf/Y2AVE/E2G_Predictions/inputs/ENCSR453TVZ_Cluster3/tagAlign_ENCSR453TVZ_Basal_epithelial_cell.3.sorted.tagAlign.gz		ATAC	/oak/stanford/groups/engreitz/Projects/ABC/HiC/avg_track2	avg	5000	1.024238616787792	5.9594510043736655		
ENCSR848EID_Cluster4		/oak/stanford/projects/igvf/Y2AVE/E2G_Predictions/inputs/ENCSR848EID_Cluster4/tagAlign_ENCSR848EID_T_lymphocyte.sorted.tagAlign.gz		ATAC	/oak/stanford/groups/engreitz/Projects/ABC/HiC/avg_track2	avg	5000	1.024238616787792	5.9594510043736655		
mcginnis_dataset10_cluster1		/oak/stanford/projects/igvf/Y2AVE/E2G_Predictions/inputs/mcginnis_dataset10_cluster1/CharacterizationMcGinnis_Dataset10_cluster1.atac.filter.cutsites.hg38.tagAlign.gz		ATAC	/oak/stanford/groups/engreitz/Projects/ABC/HiC/avg_track2	avg	5000	1.024238616787792	5.9594510043736655		
mcginnis_dataset10_cluster8		/oak/stanford/projects/igvf/Y2AVE/E2G_Predictions/inputs/mcginnis_dataset10_cluster8/CharacterizationMcGinnis_Dataset10_cluster8.atac.filter.cutsites.hg38.tagAlign.gz		ATAC	/oak/stanford/groups/engreitz/Projects/ABC/HiC/avg_track2	avg	5000	1.024238616787792	5.9594510043736655		
ENCSR618WVK_Cluster5		/oak/stanford/projects/igvf/Y2AVE/E2G_Predictions/inputs/ENCSR618WVK_Cluster5/ENCSR618WVK_Cluster5.sorted.tagAlign.gz		ATAC	/oak/stanford/groups/engreitz/Projects/ABC/HiC/avg_track2	avg	5000	1.024238616787792	5.9594510043736655		
mcginnis_dataset5_cluster3		/oak/stanford/projects/igvf/Y2AVE/E2G_Predictions/inputs/mcginnis_dataset5_cluster3/CharacterizationMcGinnis_Dataset5_cluster3.atac.filter.cutsites.hg38.tagAlign.gz		ATAC	/oak/stanford/groups/engreitz/Projects/ABC/HiC/avg_track2	avg	5000	1.024238616787792	5.9594510043736655		
mcginnis_dataset6_cluster12		/oak/stanford/projects/igvf/Y2AVE/E2G_Predictions/inputs/mcginnis_dataset6_cluster12/CharacterizationMcGinnis_Dataset6_cluster12.atac.filter.cutsites.hg38.tagAlign.gz		ATAC	/oak/stanford/groups/engreitz/Projects/ABC/HiC/avg_track2	avg	5000	1.024238616787792	5.9594510043736655		
ENCODEK562_Cluster0		/oak/stanford/projects/igvf/Y2AVE/E2G_Predictions/inputs/ENCODEK562_Cluster0/tagAlign_ENCODEK562_lymphoblast.sorted.tagAlign.gz		ATAC	/oak/stanford/groups/engreitz/Projects/ABC/HiC/avg_track2	avg	5000	1.024238616787792	5.9594510043736655		
ENCSR848EID_Cluster3		/oak/stanford/projects/igvf/Y2AVE/E2G_Predictions/inputs/ENCSR848EID_Cluster3/tagAlign_ENCSR848EID_Luminal_epithelial_cell.sorted.tagAlign.gz		ATAC	/oak/stanford/groups/engreitz/Projects/ABC/HiC/avg_track2	avg	5000	1.024238616787792	5.9594510043736655		
mcginnis_dataset9_cluster13		/oak/stanford/projects/igvf/Y2AVE/E2G_Predictions/inputs/mcginnis_dataset9_cluster13/CharacterizationMcGinnis_Dataset9_cluster13.atac.filter.cutsites.hg38.tagAlign.gz		ATAC	/oak/stanford/groups/engreitz/Projects/ABC/HiC/avg_track2	avg	5000	1.024238616787792	5.9594510043736655		
ENCSR822GXQ_Cluster2		/oak/stanford/projects/igvf/Y2AVE/E2G_Predictions/inputs/ENCSR822GXQ_Cluster2/tagAlign_ENCSR822GXQ_T_lymphocyte.sorted.tagAlign.gz		ATAC	/oak/stanford/groups/engreitz/Projects/ABC/HiC/avg_track2	avg	5000	1.024238616787792	5.9594510043736655		
230601_iPSC_art_ven_EC_10xmultiome_Cluster7		/oak/stanford/projects/igvf/Y2AVE/E2G_Predictions/inputs/230601_iPSC_art_ven_EC_10xmultiome_Cluster7/230601_iPSC_art_ven_EC_10Xmultiome_Cluster7.atac.filter.cutsites.hg38.tagAlign.gz		ATAC	/oak/stanford/groups/engreitz/Projects/ABC/HiC/avg_track2	avg	5000	1.024238616787792	5.9594510043736655		
mcginnis_dataset3_cluster11		/oak/stanford/projects/igvf/Y2AVE/E2G_Predictions/inputs/mcginnis_dataset3_cluster11/CharacterizationMcGinnis_Dataset3_cluster11.atac.filter.cutsites.hg38.tagAlign.gz		ATAC	/oak/stanford/groups/engreitz/Projects/ABC/HiC/avg_track2	avg	5000	1.024238616787792	5.9594510043736655		
mcginnis_dataset2_cluster1		/oak/stanford/projects/igvf/Y2AVE/E2G_Predictions/inputs/mcginnis_dataset2_cluster1/CharacterizationMcGinnis_Dataset2_cluster1.atac.filter.cutsites.hg38.tagAlign.gz		ATAC	/oak/stanford/groups/engreitz/Projects/ABC/HiC/avg_track2	avg	5000	1.024238616787792	5.9594510043736655		
mcginnis_dataset6_cluster5		/oak/stanford/projects/igvf/Y2AVE/E2G_Predictions/inputs/mcginnis_dataset6_cluster5/CharacterizationMcGinnis_Dataset6_cluster5.atac.filter.cutsites.hg38.tagAlign.gz		ATAC	/oak/stanford/groups/engreitz/Projects/ABC/HiC/avg_track2	avg	5000	1.024238616787792	5.9594510043736655		
mcginnis_dataset0_cluster4		/oak/stanford/projects/igvf/Y2AVE/E2G_Predictions/inputs/mcginnis_dataset0_cluster4/CharacterizationMcGinnis_Dataset0_cluster4.atac.filter.cutsites.hg38.tagAlign.gz		ATAC	/oak/stanford/groups/engreitz/Projects/ABC/HiC/avg_track2	avg	5000	1.024238616787792	5.9594510043736655		
ENCSR618WVK_Cluster0		/oak/stanford/projects/igvf/Y2AVE/E2G_Predictions/inputs/ENCSR618WVK_Cluster0/ENCSR618WVK_Cluster0.sorted.tagAlign.gz		ATAC	/oak/stanford/groups/engreitz/Projects/ABC/HiC/avg_track2	avg	5000	1.024238616787792	5.9594510043736655		
mcginnis_dataset10_cluster2		/oak/stanford/projects/igvf/Y2AVE/E2G_Predictions/inputs/mcginnis_dataset10_cluster2/CharacterizationMcGinnis_Dataset10_cluster2.atac.filter.cutsites.hg38.tagAlign.gz		ATAC	/oak/stanford/groups/engreitz/Projects/ABC/HiC/avg_track2	avg	5000	1.024238616787792	5.9594510043736655		
ENCSR453TVZ_Cluster4		/oak/stanford/projects/igvf/Y2AVE/E2G_Predictions/inputs/ENCSR453TVZ_Cluster4/tagAlign_ENCSR453TVZ_T_lymphocyte.sorted.tagAlign.gz		ATAC	/oak/stanford/groups/engreitz/Projects/ABC/HiC/avg_track2	avg	5000	1.024238616787792	5.9594510043736655		
mcginnis_dataset3_cluster18		/oak/stanford/projects/igvf/Y2AVE/E2G_Predictions/inputs/mcginnis_dataset3_cluster18/CharacterizationMcGinnis_Dataset3_cluster18.atac.filter.cutsites.hg38.tagAlign.gz		ATAC	/oak/stanford/groups/engreitz/Projects/ABC/HiC/avg_track2	avg	5000	1.024238616787792	5.9594510043736655		
mcginnis_dataset4_cluster0		/oak/stanford/projects/igvf/Y2AVE/E2G_Predictions/inputs/mcginnis_dataset4_cluster0/CharacterizationMcGinnis_Dataset4_cluster0.atac.filter.cutsites.hg38.tagAlign.gz		ATAC	/oak/stanford/groups/engreitz/Projects/ABC/HiC/avg_track2	avg	5000	1.024238616787792	5.9594510043736655		
mcginnis_dataset6_cluster2		/oak/stanford/projects/igvf/Y2AVE/E2G_Predictions/inputs/mcginnis_dataset6_cluster2/CharacterizationMcGinnis_Dataset6_cluster2.atac.filter.cutsites.hg38.tagAlign.gz		ATAC	/oak/stanford/groups/engreitz/Projects/ABC/HiC/avg_track2	avg	5000	1.024238616787792	5.9594510043736655		
ENCSR845QFX_Cluster4		/oak/stanford/projects/igvf/Y2AVE/E2G_Predictions/inputs/ENCSR845QFX_Cluster4/tagAlign_ENCSR845QFX_Luminal_epithelial_cell.3.sorted.tagAlign.gz		ATAC	/oak/stanford/groups/engreitz/Projects/ABC/HiC/avg_track2	avg	5000	1.024238616787792	5.9594510043736655		
mcginnis_dataset2_cluster5		/oak/stanford/projects/igvf/Y2AVE/E2G_Predictions/inputs/mcginnis_dataset2_cluster5/CharacterizationMcGinnis_Dataset2_cluster5.atac.filter.cutsites.hg38.tagAlign.gz		ATAC	/oak/stanford/groups/engreitz/Projects/ABC/HiC/avg_track2	avg	5000	1.024238616787792	5.9594510043736655		
mcginnis_dataset3_cluster10		/oak/stanford/projects/igvf/Y2AVE/E2G_Predictions/inputs/mcginnis_dataset3_cluster10/CharacterizationMcGinnis_Dataset3_cluster10.atac.filter.cutsites.hg38.tagAlign.gz		ATAC	/oak/stanford/groups/engreitz/Projects/ABC/HiC/avg_track2	avg	5000	1.024238616787792	5.9594510043736655		
ENCSR618WVK_Cluster3		/oak/stanford/projects/igvf/Y2AVE/E2G_Predictions/inputs/ENCSR618WVK_Cluster3/ENCSR618WVK_Cluster3.sorted.tagAlign.gz		ATAC	/oak/stanford/groups/engreitz/Projects/ABC/HiC/avg_track2	avg	5000	1.024238616787792	5.9594510043736655		
mcginnis_dataset4_cluster8		/oak/stanford/projects/igvf/Y2AVE/E2G_Predictions/inputs/mcginnis_dataset4_cluster8/CharacterizationMcGinnis_Dataset4_cluster8.atac.filter.cutsites.hg38.tagAlign.gz		ATAC	/oak/stanford/groups/engreitz/Projects/ABC/HiC/avg_track2	avg	5000	1.024238616787792	5.9594510043736655		
mcginnis_dataset10_cluster0		/oak/stanford/projects/igvf/Y2AVE/E2G_Predictions/inputs/mcginnis_dataset10_cluster0/CharacterizationMcGinnis_Dataset10_cluster0.atac.filter.cutsites.hg38.tagAlign.gz		ATAC	/oak/stanford/groups/engreitz/Projects/ABC/HiC/avg_track2	avg	5000	1.024238616787792	5.9594510043736655		
mcginnis_dataset5_cluster7		/oak/stanford/projects/igvf/Y2AVE/E2G_Predictions/inputs/mcginnis_dataset5_cluster7/CharacterizationMcGinnis_Dataset5_cluster7.atac.filter.cutsites.hg38.tagAlign.gz		ATAC	/oak/stanford/groups/engreitz/Projects/ABC/HiC/avg_track2	avg	5000	1.024238616787792	5.9594510043736655		
ENCSR660NEE_Cluster5		/oak/stanford/projects/igvf/Y2AVE/E2G_Predictions/inputs/ENCSR660NEE_Cluster5/tagAlign_ENCSR660NEE_Endothelial_cell.sorted.tagAlign.gz		ATAC	/oak/stanford/groups/engreitz/Projects/ABC/HiC/avg_track2	avg	5000	1.024238616787792	5.9594510043736655		
GerminalCenter10xATAC_combined_Cluster9		/oak/stanford/projects/igvf/Y2AVE/E2G_Predictions/inputs/GerminalCenter10xATAC_combined_Cluster9/GerminalCenter10xATAC_combined_Cluster9.atac.filter.cutsites.hg38.tagAlign.gz		ATAC	/oak/stanford/groups/engreitz/Projects/ABC/HiC/avg_track2	avg	5000	1.024238616787792	5.9594510043736655		
GM12878_10XMultiome_Cluster1		/oak/stanford/projects/igvf/Y2AVE/E2G_Predictions/inputs/GM12878_10XMultiome_Cluster1/GM12878_10XMultiome_Cluster1.atac.filter.cutsites.hg38.tagAlign.gz		ATAC	/oak/stanford/groups/engreitz/Projects/ABC/HiC/avg_track2	avg	5000	1.024238616787792	5.9594510043736655		
mcginnis_dataset6_cluster14		/oak/stanford/projects/igvf/Y2AVE/E2G_Predictions/inputs/mcginnis_dataset6_cluster14/CharacterizationMcGinnis_Dataset6_cluster14.atac.filter.cutsites.hg38.tagAlign.gz		ATAC	/oak/stanford/groups/engreitz/Projects/ABC/HiC/avg_track2	avg	5000	1.024238616787792	5.9594510043736655		
ENCSR302CMX_Cluster2		/oak/stanford/projects/igvf/Y2AVE/E2G_Predictions/inputs/ENCSR302CMX_Cluster2/tagAlign_ENCSR302CMX_Vascular_smooth_muscle_cell.sorted.tagAlign.gz		ATAC	/oak/stanford/groups/engreitz/Projects/ABC/HiC/avg_track2	avg	5000	1.024238616787792	5.9594510043736655		
ENCSR538FPK_Cluster3		/oak/stanford/projects/igvf/Y2AVE/E2G_Predictions/inputs/ENCSR538FPK_Cluster3/tagAlign_ENCSR538FPK_T_lymphocyte.sorted.tagAlign.gz		ATAC	/oak/stanford/groups/engreitz/Projects/ABC/HiC/avg_track2	avg	5000	1.024238616787792	5.9594510043736655		
ENCSR411MLR_Cluster5		/oak/stanford/projects/igvf/Y2AVE/E2G_Predictions/inputs/ENCSR411MLR_Cluster5/tagAlign_ENCSR411MLR_Vascular_smooth_muscle_cell.2.sorted.tagAlign.gz		ATAC	/oak/stanford/groups/engreitz/Projects/ABC/HiC/avg_track2	avg	5000	1.024238616787792	5.9594510043736655		
mcginnis_dataset4_cluster7		/oak/stanford/projects/igvf/Y2AVE/E2G_Predictions/inputs/mcginnis_dataset4_cluster7/CharacterizationMcGinnis_Dataset4_cluster7.atac.filter.cutsites.hg38.tagAlign.gz		ATAC	/oak/stanford/groups/engreitz/Projects/ABC/HiC/avg_track2	avg	5000	1.024238616787792	5.9594510043736655		
mcginnis_dataset3_cluster4		/oak/stanford/projects/igvf/Y2AVE/E2G_Predictions/inputs/mcginnis_dataset3_cluster4/CharacterizationMcGinnis_Dataset3_cluster4.atac.filter.cutsites.hg38.tagAlign.gz		ATAC	/oak/stanford/groups/engreitz/Projects/ABC/HiC/avg_track2	avg	5000	1.024238616787792	5.9594510043736655		
ENCSR845QFX_Cluster1		/oak/stanford/projects/igvf/Y2AVE/E2G_Predictions/inputs/ENCSR845QFX_Cluster1/tagAlign_ENCSR845QFX_Endothelial_cell.sorted.tagAlign.gz		ATAC	/oak/stanford/groups/engreitz/Projects/ABC/HiC/avg_track2	avg	5000	1.024238616787792	5.9594510043736655		
GerminalCenter10xATAC_combined_Cluster1		/oak/stanford/projects/igvf/Y2AVE/E2G_Predictions/inputs/GerminalCenter10xATAC_combined_Cluster1/GerminalCenter10xATAC_combined_Cluster1.atac.filter.cutsites.hg38.tagAlign.gz		ATAC	/oak/stanford/groups/engreitz/Projects/ABC/HiC/avg_track2	avg	5000	1.024238616787792	5.9594510043736655		
ENCSR052DKH_Cluster4		/oak/stanford/projects/igvf/Y2AVE/E2G_Predictions/inputs/ENCSR052DKH_Cluster4/tagAlign_ENCSR052DKH_Vascular_smooth_muscle_cell.sorted.tagAlign.gz		ATAC	/oak/stanford/groups/engreitz/Projects/ABC/HiC/avg_track2	avg	5000	1.024238616787792	5.9594510043736655		
mcginnis_dataset10_cluster5		/oak/stanford/projects/igvf/Y2AVE/E2G_Predictions/inputs/mcginnis_dataset10_cluster5/CharacterizationMcGinnis_Dataset10_cluster5.atac.filter.cutsites.hg38.tagAlign.gz		ATAC	/oak/stanford/groups/engreitz/Projects/ABC/HiC/avg_track2	avg	5000	1.024238616787792	5.9594510043736655		
mcginnis_dataset6_cluster1		/oak/stanford/projects/igvf/Y2AVE/E2G_Predictions/inputs/mcginnis_dataset6_cluster1/CharacterizationMcGinnis_Dataset6_cluster1.atac.filter.cutsites.hg38.tagAlign.gz		ATAC	/oak/stanford/groups/engreitz/Projects/ABC/HiC/avg_track2	avg	5000	1.024238616787792	5.9594510043736655		
230601_iPSC_art_ven_EC_10xmultiome_Cluster0		/oak/stanford/projects/igvf/Y2AVE/E2G_Predictions/inputs/230601_iPSC_art_ven_EC_10xmultiome_Cluster0/230601_iPSC_art_ven_EC_10Xmultiome_Cluster0.atac.filter.cutsites.hg38.tagAlign.gz		ATAC	/oak/stanford/groups/engreitz/Projects/ABC/HiC/avg_track2	avg	5000	1.024238616787792	5.9594510043736655		
ENCSR868ZEI_Cluster1		/oak/stanford/projects/igvf/Y2AVE/E2G_Predictions/inputs/ENCSR868ZEI_Cluster1/tagAlign_ENCSR868ZEI_Mast_cell.sorted.tagAlign.gz		ATAC	/oak/stanford/groups/engreitz/Projects/ABC/HiC/avg_track2	avg	5000	1.024238616787792	5.9594510043736655		
mcginnis_dataset3_cluster17		/oak/stanford/projects/igvf/Y2AVE/E2G_Predictions/inputs/mcginnis_dataset3_cluster17/CharacterizationMcGinnis_Dataset3_cluster17.atac.filter.cutsites.hg38.tagAlign.gz		ATAC	/oak/stanford/groups/engreitz/Projects/ABC/HiC/avg_track2	avg	5000	1.024238616787792	5.9594510043736655		
mcginnis_dataset1_cluster0		/oak/stanford/projects/igvf/Y2AVE/E2G_Predictions/inputs/mcginnis_dataset1_cluster0/CharacterizationMcGinnis_Dataset1_cluster0.atac.filter.cutsites.hg38.tagAlign.gz		ATAC	/oak/stanford/groups/engreitz/Projects/ABC/HiC/avg_track2	avg	5000	1.024238616787792	5.9594510043736655		
mcginnis_dataset9_cluster4		/oak/stanford/projects/igvf/Y2AVE/E2G_Predictions/inputs/mcginnis_dataset9_cluster4/CharacterizationMcGinnis_Dataset9_cluster4.atac.filter.cutsites.hg38.tagAlign.gz		ATAC	/oak/stanford/groups/engreitz/Projects/ABC/HiC/avg_track2	avg	5000	1.024238616787792	5.9594510043736655		
mcginnis_dataset3_cluster7		/oak/stanford/projects/igvf/Y2AVE/E2G_Predictions/inputs/mcginnis_dataset3_cluster7/CharacterizationMcGinnis_Dataset3_cluster7.atac.filter.cutsites.hg38.tagAlign.gz		ATAC	/oak/stanford/groups/engreitz/Projects/ABC/HiC/avg_track2	avg	5000	1.024238616787792	5.9594510043736655		
mcginnis_dataset9_cluster3		/oak/stanford/projects/igvf/Y2AVE/E2G_Predictions/inputs/mcginnis_dataset9_cluster3/CharacterizationMcGinnis_Dataset9_cluster3.atac.filter.cutsites.hg38.tagAlign.gz		ATAC	/oak/stanford/groups/engreitz/Projects/ABC/HiC/avg_track2	avg	5000	1.024238616787792	5.9594510043736655		
mcginnis_dataset6_cluster15		/oak/stanford/projects/igvf/Y2AVE/E2G_Predictions/inputs/mcginnis_dataset6_cluster15/CharacterizationMcGinnis_Dataset6_cluster15.atac.filter.cutsites.hg38.tagAlign.gz		ATAC	/oak/stanford/groups/engreitz/Projects/ABC/HiC/avg_track2	avg	5000	1.024238616787792	5.9594510043736655		
ENCSR302CMX_Cluster3		/oak/stanford/projects/igvf/Y2AVE/E2G_Predictions/inputs/ENCSR302CMX_Cluster3/tagAlign_ENCSR302CMX_Smooth_muscle_cell.sorted.tagAlign.gz		ATAC	/oak/stanford/groups/engreitz/Projects/ABC/HiC/avg_track2	avg	5000	1.024238616787792	5.9594510043736655		
mcginnis_dataset6_cluster4		/oak/stanford/projects/igvf/Y2AVE/E2G_Predictions/inputs/mcginnis_dataset6_cluster4/CharacterizationMcGinnis_Dataset6_cluster4.atac.filter.cutsites.hg38.tagAlign.gz		ATAC	/oak/stanford/groups/engreitz/Projects/ABC/HiC/avg_track2	avg	5000	1.024238616787792	5.9594510043736655		
Ma2020_BMMC_SingleDonor_common-myeloid-progenitor		/oak/stanford/projects/igvf/Y2AVE/E2G_Predictions/inputs/Ma2020_BMMC_SingleDonor_common-myeloid-progenitor/tagAlign_Ma2020_BMMC_SingleDonor_common-myeloid-progenitor.tsv.gz		ATAC	/oak/stanford/groups/engreitz/Projects/ABC/HiC/avg_track2	avg	5000	1.024238616787792	5.9594510043736655		
ENCSR052DKH_Cluster2		/oak/stanford/projects/igvf/Y2AVE/E2G_Predictions/inputs/ENCSR052DKH_Cluster2/tagAlign_ENCSR052DKH_Macrophage.sorted.tagAlign.gz		ATAC	/oak/stanford/groups/engreitz/Projects/ABC/HiC/avg_track2	avg	5000	1.024238616787792	5.9594510043736655		
ENCSR397LYX_Cluster3		/oak/stanford/projects/igvf/Y2AVE/E2G_Predictions/inputs/ENCSR397LYX_Cluster3/tagAlign_ENCSR397LYX_Basal_epithelial_cell.sorted.tagAlign.gz		ATAC	/oak/stanford/groups/engreitz/Projects/ABC/HiC/avg_track2	avg	5000	1.024238616787792	5.9594510043736655		
ENCSR261TQO_Cluster3		/oak/stanford/projects/igvf/Y2AVE/E2G_Predictions/inputs/ENCSR261TQO_Cluster3/tagAlign_ENCSR261TQO_Ductal_cell.sorted.tagAlign.gz		ATAC	/oak/stanford/groups/engreitz/Projects/ABC/HiC/avg_track2	avg	5000	1.024238616787792	5.9594510043736655		
ENCSR023FME_Cluster4		/oak/stanford/projects/igvf/Y2AVE/E2G_Predictions/inputs/ENCSR023FME_Cluster4/tagAlign_ENCSR023FME_Endothelial_cell.sorted.tagAlign.gz		ATAC	/oak/stanford/groups/engreitz/Projects/ABC/HiC/avg_track2	avg	5000	1.024238616787792	5.9594510043736655		
ENCSR261TQO_Cluster2		/oak/stanford/projects/igvf/Y2AVE/E2G_Predictions/inputs/ENCSR261TQO_Cluster2/tagAlign_ENCSR261TQO_Enteroendocrine_cell.sorted.tagAlign.gz		ATAC	/oak/stanford/groups/engreitz/Projects/ABC/HiC/avg_track2	avg	5000	1.024238616787792	5.9594510043736655		
ENCSR822GXQ_Cluster6		/oak/stanford/projects/igvf/Y2AVE/E2G_Predictions/inputs/ENCSR822GXQ_Cluster6/tagAlign_ENCSR822GXQ_Fibroblast.sorted.tagAlign.gz		ATAC	/oak/stanford/groups/engreitz/Projects/ABC/HiC/avg_track2	avg	5000	1.024238616787792	5.9594510043736655		
ENCSR397LYX_Cluster2		/oak/stanford/projects/igvf/Y2AVE/E2G_Predictions/inputs/ENCSR397LYX_Cluster2/tagAlign_ENCSR397LYX_Endothelial_cell.sorted.tagAlign.gz		ATAC	/oak/stanford/groups/engreitz/Projects/ABC/HiC/avg_track2	avg	5000	1.024238616787792	5.9594510043736655		
mcginnis_dataset2_cluster6		/oak/stanford/projects/igvf/Y2AVE/E2G_Predictions/inputs/mcginnis_dataset2_cluster6/CharacterizationMcGinnis_Dataset2_cluster6.atac.filter.cutsites.hg38.tagAlign.gz		ATAC	/oak/stanford/groups/engreitz/Projects/ABC/HiC/avg_track2	avg	5000	1.024238616787792	5.9594510043736655		
Ma2020_BMMC_SingleDonor_granulocyte		/oak/stanford/projects/igvf/Y2AVE/E2G_Predictions/inputs/Ma2020_BMMC_SingleDonor_granulocyte/tagAlign_Ma2020_BMMC_SingleDonor_granulocyte.tsv.gz		ATAC	/oak/stanford/groups/engreitz/Projects/ABC/HiC/avg_track2	avg	5000	1.024238616787792	5.9594510043736655		
ENCSR205TUH_Cluster2		/oak/stanford/projects/igvf/Y2AVE/E2G_Predictions/inputs/ENCSR205TUH_Cluster2/tagAlign_ENCSR205TUH_Schwann_cell.sorted.tagAlign.gz		ATAC	/oak/stanford/groups/engreitz/Projects/ABC/HiC/avg_track2	avg	5000	1.024238616787792	5.9594510043736655		
ENCSR023FME_Cluster3		/oak/stanford/projects/igvf/Y2AVE/E2G_Predictions/inputs/ENCSR023FME_Cluster3/tagAlign_ENCSR023FME_Basal_epithelial_cell.sorted.tagAlign.gz		ATAC	/oak/stanford/groups/engreitz/Projects/ABC/HiC/avg_track2	avg	5000	1.024238616787792	5.9594510043736655		
ENCSR845QFX_Cluster3		/oak/stanford/projects/igvf/Y2AVE/E2G_Predictions/inputs/ENCSR845QFX_Cluster3/tagAlign_ENCSR845QFX_Luminal_epithelial_cell.2.sorted.tagAlign.gz		ATAC	/oak/stanford/groups/engreitz/Projects/ABC/HiC/avg_track2	avg	5000	1.024238616787792	5.9594510043736655		
mcginnis_dataset6_cluster6		/oak/stanford/projects/igvf/Y2AVE/E2G_Predictions/inputs/mcginnis_dataset6_cluster6/CharacterizationMcGinnis_Dataset6_cluster6.atac.filter.cutsites.hg38.tagAlign.gz		ATAC	/oak/stanford/groups/engreitz/Projects/ABC/HiC/avg_track2	avg	5000	1.024238616787792	5.9594510043736655		
ENCODEGM12878_Cluster0		/oak/stanford/projects/igvf/Y2AVE/E2G_Predictions/inputs/ENCODEGM12878_Cluster0/ENCODEGM12878_Cluster0.sorted.tagAlign.gz		ATAC	/oak/stanford/groups/engreitz/Projects/ABC/HiC/avg_track2	avg	5000	1.024238616787792	5.9594510043736655		
Ma2020_BMMC_SingleDonor_naive-B-cell		/oak/stanford/projects/igvf/Y2AVE/E2G_Predictions/inputs/Ma2020_BMMC_SingleDonor_naive-B-cell/tagAlign_Ma2020_BMMC_SingleDonor_naive-B-cell.tsv.gz		ATAC	/oak/stanford/groups/engreitz/Projects/ABC/HiC/avg_track2	avg	5000	1.024238616787792	5.9594510043736655		
ENCSR397LYX_Cluster1		/oak/stanford/projects/igvf/Y2AVE/E2G_Predictions/inputs/ENCSR397LYX_Cluster1/tagAlign_ENCSR397LYX_Vascular_smooth_muscle_cell.sorted.tagAlign.gz		ATAC	/oak/stanford/groups/engreitz/Projects/ABC/HiC/avg_track2	avg	5000	1.024238616787792	5.9594510043736655		
mcginnis_dataset5_cluster5		/oak/stanford/projects/igvf/Y2AVE/E2G_Predictions/inputs/mcginnis_dataset5_cluster5/CharacterizationMcGinnis_Dataset5_cluster5.atac.filter.cutsites.hg38.tagAlign.gz		ATAC	/oak/stanford/groups/engreitz/Projects/ABC/HiC/avg_track2	avg	5000	1.024238616787792	5.9594510043736655		
K562_10XMultiome_Xu2022_CellCluster0		/oak/stanford/projects/igvf/Y2AVE/E2G_Predictions/inputs/K562_10XMultiome_Xu2022_CellCluster0/K562_10XMultiome_Xu2022_CellCluster0.atac.filter.cutsites.hg38.tagAlign.gz		ATAC	/oak/stanford/groups/engreitz/Projects/ABC/HiC/avg_track2	avg	5000	1.024238616787792	5.9594510043736655		
230601_iPSC_art_ven_EC_10xmultiome_Cluster11		/oak/stanford/projects/igvf/Y2AVE/E2G_Predictions/inputs/230601_iPSC_art_ven_EC_10xmultiome_Cluster11/230601_iPSC_art_ven_EC_10Xmultiome_Cluster11.atac.filter.cutsites.hg38.tagAlign.gz		ATAC	/oak/stanford/groups/engreitz/Projects/ABC/HiC/avg_track2	avg	5000	1.024238616787792	5.9594510043736655		
Ma2020_BMMC_SingleDonor_monocyte		/oak/stanford/projects/igvf/Y2AVE/E2G_Predictions/inputs/Ma2020_BMMC_SingleDonor_monocyte/tagAlign_Ma2020_BMMC_SingleDonor_monocyte.tsv.gz		ATAC	/oak/stanford/groups/engreitz/Projects/ABC/HiC/avg_track2	avg	5000	1.024238616787792	5.9594510043736655		
Ma2020_BMMC_SingleDonor_memory-B-cell		/oak/stanford/projects/igvf/Y2AVE/E2G_Predictions/inputs/Ma2020_BMMC_SingleDonor_memory-B-cell/tagAlign_Ma2020_BMMC_SingleDonor_memory-B-cell.tsv.gz		ATAC	/oak/stanford/groups/engreitz/Projects/ABC/HiC/avg_track2	avg	5000	1.024238616787792	5.9594510043736655		
ENCSR453TVZ_Cluster1		/oak/stanford/projects/igvf/Y2AVE/E2G_Predictions/inputs/ENCSR453TVZ_Cluster1/tagAlign_ENCSR453TVZ_Basal_epithelial_cell.1.sorted.tagAlign.gz		ATAC	/oak/stanford/groups/engreitz/Projects/ABC/HiC/avg_track2	avg	5000	1.024238616787792	5.9594510043736655		
mcginnis_dataset10_cluster7		/oak/stanford/projects/igvf/Y2AVE/E2G_Predictions/inputs/mcginnis_dataset10_cluster7/CharacterizationMcGinnis_Dataset10_cluster7.atac.filter.cutsites.hg38.tagAlign.gz		ATAC	/oak/stanford/groups/engreitz/Projects/ABC/HiC/avg_track2	avg	5000	1.024238616787792	5.9594510043736655		
GerminalCenter10xATAC_combined_Cluster8		/oak/stanford/projects/igvf/Y2AVE/E2G_Predictions/inputs/GerminalCenter10xATAC_combined_Cluster8/GerminalCenter10xATAC_combined_Cluster8.atac.filter.cutsites.hg38.tagAlign.gz		ATAC	/oak/stanford/groups/engreitz/Projects/ABC/HiC/avg_track2	avg	5000	1.024238616787792	5.9594510043736655		
ENCSR868ZEI_Cluster3		/oak/stanford/projects/igvf/Y2AVE/E2G_Predictions/inputs/ENCSR868ZEI_Cluster3/tagAlign_ENCSR868ZEI_Macrophage.sorted.tagAlign.gz		ATAC	/oak/stanford/groups/engreitz/Projects/ABC/HiC/avg_track2	avg	5000	1.024238616787792	5.9594510043736655		
ENCSR538FPK_Cluster1		/oak/stanford/projects/igvf/Y2AVE/E2G_Predictions/inputs/ENCSR538FPK_Cluster1/tagAlign_ENCSR538FPK_Fibroblast.sorted.tagAlign.gz		ATAC	/oak/stanford/groups/engreitz/Projects/ABC/HiC/avg_track2	avg	5000	1.024238616787792	5.9594510043736655		
ENCSR411MLR_Cluster1		/oak/stanford/projects/igvf/Y2AVE/E2G_Predictions/inputs/ENCSR411MLR_Cluster1/tagAlign_ENCSR411MLR_Macrophage.sorted.tagAlign.gz		ATAC	/oak/stanford/groups/engreitz/Projects/ABC/HiC/avg_track2	avg	5000	1.024238616787792	5.9594510043736655		
230601_iPSC_art_ven_EC_10xmultiome_Cluster4		/oak/stanford/projects/igvf/Y2AVE/E2G_Predictions/inputs/230601_iPSC_art_ven_EC_10xmultiome_Cluster4/230601_iPSC_art_ven_EC_10Xmultiome_Cluster4.atac.filter.cutsites.hg38.tagAlign.gz		ATAC	/oak/stanford/groups/engreitz/Projects/ABC/HiC/avg_track2	avg	5000	1.024238616787792	5.9594510043736655		
ENCSR367GKP_Cluster3		/oak/stanford/projects/igvf/Y2AVE/E2G_Predictions/inputs/ENCSR367GKP_Cluster3/tagAlign_ENCSR367GKP_Smooth_muscle_cell.sorted.tagAlign.gz		ATAC	/oak/stanford/groups/engreitz/Projects/ABC/HiC/avg_track2	avg	5000	1.024238616787792	5.9594510043736655		
ENCSR538FPK_Cluster5		/oak/stanford/projects/igvf/Y2AVE/E2G_Predictions/inputs/ENCSR538FPK_Cluster5/tagAlign_ENCSR538FPK_Macrophage.sorted.tagAlign.gz		ATAC	/oak/stanford/groups/engreitz/Projects/ABC/HiC/avg_track2	avg	5000	1.024238616787792	5.9594510043736655		
ENCSR718WGE_Cluster2		/oak/stanford/projects/igvf/Y2AVE/E2G_Predictions/inputs/ENCSR718WGE_Cluster2/tagAlign_ENCSR718WGE_Macrophage.sorted.tagAlign.gz		ATAC	/oak/stanford/groups/engreitz/Projects/ABC/HiC/avg_track2	avg	5000	1.024238616787792	5.9594510043736655		
ENCSR822GXQ_Cluster4		/oak/stanford/projects/igvf/Y2AVE/E2G_Predictions/inputs/ENCSR822GXQ_Cluster4/tagAlign_ENCSR822GXQ_Vascular_smooth_muscle_cell.sorted.tagAlign.gz		ATAC	/oak/stanford/groups/engreitz/Projects/ABC/HiC/avg_track2	avg	5000	1.024238616787792	5.9594510043736655		
mcginnis_dataset10_cluster4		/oak/stanford/projects/igvf/Y2AVE/E2G_Predictions/inputs/mcginnis_dataset10_cluster4/CharacterizationMcGinnis_Dataset10_cluster4.atac.filter.cutsites.hg38.tagAlign.gz		ATAC	/oak/stanford/groups/engreitz/Projects/ABC/HiC/avg_track2	avg	5000	1.024238616787792	5.9594510043736655		
ENCSR205TUH_Cluster1		/oak/stanford/projects/igvf/Y2AVE/E2G_Predictions/inputs/ENCSR205TUH_Cluster1/tagAlign_ENCSR205TUH_Vascular_smooth_muscle_cell.sorted.tagAlign.gz		ATAC	/oak/stanford/groups/engreitz/Projects/ABC/HiC/avg_track2	avg	5000	1.024238616787792	5.9594510043736655		
ENCSR052DKH_Cluster1		/oak/stanford/projects/igvf/Y2AVE/E2G_Predictions/inputs/ENCSR052DKH_Cluster1/tagAlign_ENCSR052DKH_Tuft_cell.sorted.tagAlign.gz		ATAC	/oak/stanford/groups/engreitz/Projects/ABC/HiC/avg_track2	avg	5000	1.024238616787792	5.9594510043736655		
ENCSR052DKH_Cluster3		/oak/stanford/projects/igvf/Y2AVE/E2G_Predictions/inputs/ENCSR052DKH_Cluster3/tagAlign_ENCSR052DKH_T_lymphocyte.sorted.tagAlign.gz		ATAC	/oak/stanford/groups/engreitz/Projects/ABC/HiC/avg_track2	avg	5000	1.024238616787792	5.9594510043736655		
ENCSR474TGL_Cluster3		/oak/stanford/projects/igvf/Y2AVE/E2G_Predictions/inputs/ENCSR474TGL_Cluster3/tagAlign_ENCSR474TGL_Basal_epithelial_cell.sorted.tagAlign.gz		ATAC	/oak/stanford/groups/engreitz/Projects/ABC/HiC/avg_track2	avg	5000	1.024238616787792	5.9594510043736655		
